sender_user_id,receiver_account,receiver_account_timestamp,receiver_quote,receiver_quote_timestamp,receiver_policy,receiver_policy_timestamp,sender_earned_amount_in_dollars,receiver_earned_amount_in_dollars
8c37f11b-b892-48a5-96d1-650cbc5b9bb1,1,4/5/2018,0,,0,,,
20d6677b-9352-4195-b9e2-7897e34c7ff1,1,3/20/2018,1,4/6/2018,0,,50,50
5c3a3470-53ea-4ff4-b166-b80816130bff,1,3/13/2018,1,3/27/2018,0,,50,25
d88c9d5f-ee03-4bf7-9586-7cbf76285643,1,4/28/2018,0,,0,,,
877baf00-5269-4ab4-baa1-53f62cad3ee2,1,1/31/2018,0,,0,,,
ead998ac-950e-4d28-9655-3d1b6f269eac,1,4/12/2018,0,,0,,,
f4ec44af-83cb-43c3-aaee-16318bdb9be1,1,4/27/2018,0,,0,,,
0f7342a0-d36f-4980-8a76-ed2cef4bb321,1,3/22/2018,0,,0,,,
e4c5bb6e-f9ae-4b24-b569-dd4ac5c220d8,1,4/21/2018,0,,0,,,
34e70dbb-2fb7-4617-9de4-7f7699e046ec,1,3/18/2018,1,3/31/2018,0,,25,25
b4942130-4501-4188-95f1-187eed9ac3cc,1,4/22/2018,0,,0,,,
dfa422f2-e3b8-4be5-b488-7148570e141a,1,3/10/2018,0,,0,,,
50f8253b-861c-4314-8e48-b6f64d1ee0d9,1,4/28/2018,0,,0,,,
8418b27e-6d9b-4a31-9379-0ac9842260b9,1,4/18/2018,0,,0,,,
48c555bb-01b9-473e-90c6-cd8b643e7f06,1,1/31/2018,0,,0,,,
6df3fe0c-ce19-4d6e-9c84-29e30c90aa98,1,3/17/2018,1,4/1/2018,1,4/12/2018,25,25
a4dfd4de-e1a8-4ca1-8080-1d37f358f578,1,4/4/2018,1,4/18/2018,0,,50,50
6df3fe0c-ce19-4d6e-9c84-29e30c90aa98,1,3/2/2018,0,,0,,,
730ab00e-1c08-491d-b988-3ca70021f99f,1,3/24/2018,0,,0,,,
d9c4e570-6a82-47cd-8880-c87ac39bb64e,1,2/19/2018,1,3/12/2018,1,3/12/2018,25,25
c41cf82e-9dc7-44f9-bbd6-170bcc73bde0,1,5/1/2018,0,,0,,,
a4da12ac-3778-42bf-85a9-3c4f28921230,1,4/12/2018,0,,0,,,
9adcb509-7eed-4723-998f-de5d49dd6adb,1,5/3/2018,0,,0,,,
3f761f7b-e0c4-4d85-8a47-8860e668c0bf,1,4/28/2018,0,,0,,,
1c5fc082-6a49-4815-bfab-3272057b962b,1,3/1/2018,1,3/29/2018,0,,50,50
90436e2a-031a-4722-8d18-a490695e60bc,1,5/1/2018,0,,0,,,
45e8bfb6-62d8-48f6-bfa1-4919b4b1947c,1,4/29/2018,0,,0,,,
9a2452d4-e8fa-4a68-af99-743be4396578,1,4/6/2018,0,,0,,,
56e22370-4f14-40e3-b7e1-29a775573f4f,1,3/12/2018,0,,0,,,
7d38ef00-298d-4bb6-89a9-2df021d169aa,1,4/22/2018,0,,0,,,
98a3a16a-685d-4c3d-96d8-33a1b3f9631d,1,3/26/2018,1,4/22/2018,1,4/24/2018,25,25
5a9da3bb-4e75-4478-b390-e7da0272578e,1,3/28/2018,0,,0,,,
9e51ed0a-b575-4927-b0f5-b722af826141,1,3/15/2018,1,4/13/2018,1,4/24/2018,50,50
d0c0d714-e89c-4648-b3df-0c1c8a8d176e,1,4/10/2018,0,,0,,,
8b3496ed-860c-4378-8dce-add86d042199,1,3/15/2018,0,,0,,,
9ff896a3-e6a1-48a5-8cd2-f1a4520317f6,1,3/23/2018,1,4/13/2018,0,,25,25
5ed33075-36ef-4d3a-be96-2ce4209fdca0,1,4/16/2018,1,5/5/2018,0,,25,25
3b59d5fb-a1b2-4b8b-a9af-beb05df5958a,1,4/24/2018,0,,0,,,
9a34cd02-f382-40e2-8776-d7521055c7fa,1,5/1/2018,0,,0,,,
56e22370-4f14-40e3-b7e1-29a775573f4f,1,3/14/2018,1,3/29/2018,1,3/30/2018,50,50
9dd18c87-ba8d-45e3-8ae2-152fa9050bef,1,4/29/2018,0,,0,,,
35b6107b-8502-48a5-9b16-610e7cf3445b,1,4/18/2018,0,,0,,,
781005ca-319b-41aa-9bd4-660039207580,1,3/1/2018,0,,0,,,
2a8cafbc-c68b-40f2-aca3-c21049fac4df,1,4/30/2018,0,,0,,,
3c8b8dba-e591-40b2-b82c-71ff51cd3fe3,1,4/24/2018,0,,0,,,
b4b5f83e-8e27-454b-9028-26853a8edd8b,1,3/16/2018,0,,0,,,
f18359f0-cc62-4595-9635-e7e7fad7aee2,1,3/19/2018,1,4/9/2018,0,,25,
20d6677b-9352-4195-b9e2-7897e34c7ff1,1,3/12/2018,1,4/7/2018,0,,25,25
bf8d6a1e-81d3-4ee0-8e35-777da8468e02,1,3/21/2018,1,4/12/2018,1,4/12/2018,25,25
ee58ca49-4e59-41be-8174-6473077ed1ca,1,4/7/2018,0,,0,,,
e741a6af-0443-4df6-a535-a9b9ba152d6c,1,5/3/2018,0,,0,,,
a63e6b14-fd45-42ef-b18f-25f826c1a330,1,2/21/2018,1,3/14/2018,1,3/14/2018,50,50
b7ef7185-d08a-4e7c-a349-108ce7ed67c2,1,4/8/2018,0,,0,,,
90436e2a-031a-4722-8d18-a490695e60bc,1,5/4/2018,0,,0,,,
8117f5f4-de07-4587-a068-515b5c0489dc,1,4/11/2018,0,,0,,,
7bbf91e4-df97-4680-bd59-3b5f9bd43f7c,1,3/18/2018,0,,0,,,
89532f35-c603-4e96-b3c6-f9c739d9ef4c,1,2/11/2018,0,,0,,,
ce816218-e384-46cb-9e43-57682b0312df,1,5/3/2018,0,,0,,,
1c5fc082-6a49-4815-bfab-3272057b962b,1,3/29/2018,0,,0,,,
5831bca3-0c87-4b4f-9691-48d5a6cc22e8,1,5/5/2018,0,,0,,,
9e51ed0a-b575-4927-b0f5-b722af826141,1,4/17/2018,0,,0,,,
7d38ef00-298d-4bb6-89a9-2df021d169aa,1,4/29/2018,0,,0,,,
227d0457-cf82-4ec2-a94e-2536107444b8,1,5/5/2018,0,,0,,,
170d0260-111e-49e3-a76f-e7adba3a20b5,1,4/26/2018,0,,0,,,
a05c8843-5a54-45a7-980c-3b6d5c1cf722,1,4/24/2018,0,,0,,,
42121c4a-c144-49ca-b877-a8abad902b03,1,2/22/2018,0,,0,,,
b381b8a7-2c39-4a2c-bfe4-5ce1e9e4980e,1,4/24/2018,0,,0,,,
a475b4d3-36b6-483d-a475-97a0eaba1ce3,1,5/5/2018,0,,0,,,
2f7ab341-3c8e-4b28-ad4e-d0583dc4038e,1,3/25/2018,1,4/15/2018,0,,25,25
12c7d484-8443-4c85-8f6a-920795df60f0,1,4/29/2018,0,,0,,,
32248673-8a10-4f78-b361-9b1a66565ab8,1,4/30/2018,0,,0,,,
1946efd1-3315-4b3e-a818-c6b36854af5a,1,2/24/2018,0,,0,,,
583520a9-36e1-4cd7-b0bc-54a1f39ec89a,1,4/8/2018,0,,0,,,
c2373150-6659-4584-a1c5-d59766cefc49,1,1/23/2018,0,,0,,,
6408ee89-58f2-4cce-9205-8e6c0ad156d2,1,4/8/2018,0,,0,,,
6c7b220f-214f-48b6-911c-5ef04bf19f42,1,3/3/2018,1,3/25/2018,1,4/30/2018,25,25
812413d9-3b4a-4ae9-a74f-a4bae05b98a3,1,3/20/2018,1,4/26/2018,0,,25,25
debca169-bd65-4382-956c-c558d9039e88,1,4/6/2018,0,,0,,,
5a6e3c3f-aca2-42d8-91f0-cdcf958b7fbd,1,4/25/2018,0,,0,,,
e513ba44-7b5d-4646-85fe-64e87af8f819,1,4/16/2018,0,,0,,,
db25d426-567f-481e-afd8-0c90df388bf0,1,3/20/2018,0,,0,,,
e619a67a-5644-4243-a742-2124be623e17,1,4/10/2018,1,5/2/2018,0,,25,25
cf590f74-1817-40f2-89a8-29cac15d9dac,1,2/15/2018,1,3/1/2018,0,,25,25
53958bc0-c35f-41e8-9b15-7bff7c67c825,1,4/27/2018,0,,0,,,
c5204e72-5c00-494a-b4a6-0c21bc2dfe8b,1,3/20/2018,0,,0,,,
50f8253b-861c-4314-8e48-b6f64d1ee0d9,1,4/6/2018,1,4/30/2018,0,,50,50
83eaf3f7-99c3-452a-85cd-6f851b17782f,1,3/12/2018,1,5/6/2018,0,,50,50
3de76c3d-453d-4cf0-ad43-a59e6804299e,1,3/15/2018,0,,0,,,
b2fef18f-0b20-42a5-a9ad-2632b78709db,1,3/14/2018,0,,0,,,
44e9702a-0e28-4f45-bd53-355e64e69554,1,5/5/2018,0,,0,,,
66080637-282c-4d94-9c2d-869f0f633e39,1,5/4/2018,0,,0,,,
e19587e5-49f6-4bae-b5b1-7a2a4676e96b,1,3/4/2018,1,4/2/2018,1,4/2/2018,25,
549251c6-d0b8-4da5-9f51-c719cc0a26de,1,3/20/2018,1,4/8/2018,0,,25,25
2cde8320-847f-49ec-bde5-0cf07c83f0b3,1,4/15/2018,0,,0,,,
d0c0d714-e89c-4648-b3df-0c1c8a8d176e,1,3/24/2018,0,,0,,,
fd8861c7-c51b-4b5e-88bb-d65c5ecd0f0d,1,4/18/2018,0,,0,,,
f5c0a115-e7b7-4489-9f06-cd4077590e67,1,3/15/2018,1,4/5/2018,0,,50,50
32f05560-7c03-44d8-8068-658546d7e0be,1,4/12/2018,0,,0,,,
7d38ef00-298d-4bb6-89a9-2df021d169aa,1,4/29/2018,0,,0,,,
d489957d-831d-431a-8d78-ab8ae8effc4c,1,2/15/2018,0,,0,,,
d75400de-9c82-48c7-ad3e-80a582de28ff,1,5/6/2018,0,,0,,,
66aab6a3-9300-489f-a3b2-9948e24472ed,1,3/25/2018,0,,0,,,
89532f35-c603-4e96-b3c6-f9c739d9ef4c,1,3/1/2018,1,3/19/2018,0,,50,50
db25d426-567f-481e-afd8-0c90df388bf0,1,3/21/2018,0,,0,,,
0e9f1f5e-d2eb-4e07-98ae-cd5773a918da,1,4/30/2018,0,,0,,,
87c1e299-b243-4ed6-8663-0f24c60e9edb,1,2/8/2018,1,3/1/2018,0,,25,25
4ae03277-ce27-4949-8e26-0cde5505cc90,1,4/22/2018,1,5/6/2018,0,,25,25
89532f35-c603-4e96-b3c6-f9c739d9ef4c,1,2/17/2018,1,4/9/2018,1,4/11/2018,50,50
b87a329e-ddba-4086-9d36-664802742c37,1,4/11/2018,1,5/2/2018,0,,50,50
bfd82ec4-73ec-494e-8c44-c8f2b3cc92e3,1,3/21/2018,0,,0,,,
d26bbd42-c085-4f8f-a801-ed5589b84cae,1,4/2/2018,0,,0,,,
2d9a9bf8-ddde-47a4-9edb-f8254ce4a607,1,3/19/2018,0,,0,,,
7987e871-b84b-4007-aec1-48d575f14389,1,4/3/2018,0,,0,,,
c94a3cbf-9570-480c-9a66-aab8fb81ddf5,1,4/15/2018,0,,0,,,
64f4a884-0081-4ad8-bf1a-951a1d18bcef,1,2/18/2018,0,,0,,,
6095fba7-bbe9-4a46-8a1a-d73d80496872,1,1/19/2018,0,,0,,,
90436e2a-031a-4722-8d18-a490695e60bc,1,3/31/2018,1,4/21/2018,1,4/23/2018,25,25
bcf3652c-85a1-411b-9e70-0d48b83fad41,1,4/30/2018,0,,0,,,
14b074cc-3a90-4fbe-9c00-15ec0f6612a2,1,2/24/2018,0,,0,,,
09782ec0-2d1b-455a-90f7-11a3c8b37f24,1,3/1/2018,1,3/28/2018,0,,50,50
6df3fe0c-ce19-4d6e-9c84-29e30c90aa98,1,3/2/2018,0,,0,,,
114aa64b-1a25-4446-b5bd-a6eae7029ceb,1,3/14/2018,1,3/31/2018,0,,50,50
922f395c-0a81-47b7-aed1-7503669b6e60,1,4/11/2018,1,4/29/2018,0,,25,25
9b2a54fc-94f6-497d-95d1-d0732a5ee983,1,4/9/2018,0,,0,,,
feb77ab6-850b-4921-9ca8-92838526fc37,1,3/27/2018,0,,0,,,
c562b53a-2648-4161-b9f6-676695d960aa,1,4/27/2018,0,,0,,,
4d3cf898-9ccf-47cc-bb13-b561c06bdf1a,1,3/24/2018,1,4/16/2018,0,,50,50
d10f396b-8114-4848-a3a8-78281d47d4f3,1,2/10/2018,1,2/28/2018,0,,25,25
3afa72b2-0b77-4cde-8d18-b92e42ff87a8,1,3/30/2018,1,4/30/2018,0,,50,50
71fc3b24-9221-42ea-9cd9-676c305cb4dc,1,3/23/2018,1,4/6/2018,0,,25,25
6a4beb2e-0707-487b-ade4-845c1522e81f,1,3/8/2018,1,4/7/2018,0,,50,50
7c11b26c-54d6-4d76-8a79-835f2131a615,1,3/29/2018,0,,0,,,
d10f396b-8114-4848-a3a8-78281d47d4f3,1,2/9/2018,1,3/3/2018,0,,25,25
2a93e3f9-be31-4469-bdae-e1c9ac08057f,1,5/5/2018,0,,0,,,
374fea5e-a4f0-41ee-a70a-393567afa04c,1,5/3/2018,0,,0,,,
50f8253b-861c-4314-8e48-b6f64d1ee0d9,1,4/18/2018,0,,0,,,
d2b1fc47-6bda-43d6-8283-ddaa2a0ad9ee,1,3/21/2018,1,4/4/2018,0,,25,25
7ca37116-9da1-4c75-9273-e7d190a72df8,1,4/13/2018,0,,0,,,
02297810-1640-4a05-82e9-9feea2f71158,1,4/30/2018,0,,0,,,
8f28ed3f-c274-4528-8bed-8625a051a71d,1,3/5/2018,1,3/24/2018,0,,25,25
9d8d0e4c-45fb-48fb-bf66-38acfdafeae1,1,4/19/2018,0,,0,,,
6a27d04e-211f-4a73-aef4-afdb010c8589,1,5/6/2018,0,,0,,,
ae2ef42d-7eb7-4d28-8526-eddf74c250dd,1,4/12/2018,0,,0,,,
b30e604b-4d81-4635-ac78-0234131e6838,1,5/4/2018,0,,0,,,
4080cd33-b180-4319-ab1b-5fe66c13f1ae,1,2/12/2018,1,3/5/2018,0,,25,25
3de76c3d-453d-4cf0-ad43-a59e6804299e,1,3/1/2018,0,,0,,,
1946efd1-3315-4b3e-a818-c6b36854af5a,1,3/2/2018,1,3/25/2018,0,,50,50
66c2af04-0f32-4dad-9f3f-27eb44797b20,1,2/17/2018,1,3/3/2018,1,3/3/2018,25,25
1c489bdb-e62e-4df5-9c76-ec1833e692c4,1,4/17/2018,0,,0,,,
ee15bf0c-fe76-4511-a649-2ab9854b578f,1,4/20/2018,0,,0,,,
ee58ca49-4e59-41be-8174-6473077ed1ca,1,3/30/2018,1,4/14/2018,0,,50,50
db7d132f-08dc-4059-9b34-4496e9159854,1,4/27/2018,0,,0,,,
dd74e773-d87e-46af-a176-1c7c370396c7,1,4/15/2018,0,,0,,,
c9798324-2fd9-47f5-8646-3e533dea8b8a,1,3/14/2018,1,4/5/2018,1,4/10/2018,50,50
2f7ab341-3c8e-4b28-ad4e-d0583dc4038e,1,3/24/2018,0,,0,,,
9a7a08af-ee75-4f74-9580-289595c0fdb8,1,3/1/2018,1,3/22/2018,0,,50,50
79180c17-ead8-47b5-93e8-4be9f811a664,1,4/19/2018,0,,0,,,
20a47e69-cf79-43d3-afaf-d18dacedffe6,1,3/13/2018,1,4/6/2018,0,,50,50
82397ee8-2275-4b50-a75f-c9d4cdf16cd0,1,4/10/2018,0,,0,,,
9ea5e96f-3a41-45b5-b7be-6cfaef849966,1,3/26/2018,1,4/12/2018,0,,25,25
3e8d45e7-7ec1-4f5e-86a3-36f91591176f,1,4/12/2018,0,,0,,,
bcf3652c-85a1-411b-9e70-0d48b83fad41,1,5/1/2018,0,,0,,,
b675becc-a1a6-4f40-8b11-12e5dc385c4d,1,2/28/2018,0,,0,,,
96184290-397c-4797-8c2a-a685f8d622a6,1,3/25/2018,1,4/17/2018,0,,25,25
b69fa9f3-d4a2-4190-9586-2e5f47b8aedf,1,2/28/2018,0,,0,,,
d9b0c3a5-facb-4697-9ba7-e124e4956213,1,4/24/2018,0,,0,,,
d2b1fc47-6bda-43d6-8283-ddaa2a0ad9ee,1,4/13/2018,0,,0,,,
a41cbc4a-4c75-408d-aea7-cf383b05cd68,1,4/3/2018,0,,0,,,
3a1736da-ba37-4801-8d1e-2243ebfa78c3,1,5/6/2018,0,,0,,,
e19587e5-49f6-4bae-b5b1-7a2a4676e96b,1,3/4/2018,0,,0,,,
89532f35-c603-4e96-b3c6-f9c739d9ef4c,1,2/11/2018,0,,0,,,
50f8253b-861c-4314-8e48-b6f64d1ee0d9,1,4/29/2018,0,,0,,,
e4ee3c07-68c7-44ab-97d5-73705fa45385,1,2/11/2018,0,,0,,,
615bc526-c906-4a43-b27c-c68f32e2bd98,1,4/4/2018,1,4/24/2018,1,4/24/2018,25,25
5218a305-69b0-4fcc-a3cf-b6f3d28aa161,1,4/7/2018,0,,0,,,
87611919-e1a2-4e27-a74e-3e789565ff6c,1,5/6/2018,0,,0,,,
5c3a3470-53ea-4ff4-b166-b80816130bff,1,3/7/2018,0,,0,,,
e7005a27-3d26-45a7-bbce-d7dcb085a40e,1,3/31/2018,1,4/24/2018,1,5/2/2018,50,50
2344d19b-fdf3-4866-876e-ed6dd2631d83,1,4/22/2018,0,,0,,,
89532f35-c603-4e96-b3c6-f9c739d9ef4c,1,2/13/2018,0,,0,,,
3de76c3d-453d-4cf0-ad43-a59e6804299e,1,3/1/2018,0,,0,,,
f1e3ea28-55c8-4eff-ba38-7d4e3c55eff7,1,4/20/2018,0,,0,,,
fb0f3b6a-c6c1-42f6-b78d-7ff379fe6952,1,3/28/2018,0,,0,,,
c47700c9-a28a-4e78-82f9-2a5d39b4f5b7,1,3/28/2018,0,,0,,,
cf590f74-1817-40f2-89a8-29cac15d9dac,1,4/2/2018,1,4/24/2018,0,,50,50
7d38ef00-298d-4bb6-89a9-2df021d169aa,1,4/29/2018,0,,0,,,
1c5fc082-6a49-4815-bfab-3272057b962b,1,3/3/2018,1,3/27/2018,0,,50,50
632ed674-f460-4220-aac7-6b5f605c6a96,1,4/24/2018,0,,0,,,
b7ef7185-d08a-4e7c-a349-108ce7ed67c2,1,2/20/2018,0,,0,,,
faec1baa-a9c2-4f13-b18b-4314753bac9a,1,3/10/2018,0,,0,,,
a5b4e847-fbd8-4e3a-b8a0-696c1a289fa1,1,3/6/2018,0,,0,,,
f5785a4f-5bea-4b83-8df7-b3f9550e0efc,1,3/23/2018,0,,0,,,
f2468aa7-7846-4131-99b6-d38ccd0139fa,1,4/30/2018,0,,0,,,
c94a3cbf-9570-480c-9a66-aab8fb81ddf5,1,4/15/2018,0,,0,,,
5a31ae5f-7c3b-414f-ba36-8c44f6e7b994,1,4/13/2018,0,,0,,,
f5785a4f-5bea-4b83-8df7-b3f9550e0efc,1,4/18/2018,0,,0,,,
7987e871-b84b-4007-aec1-48d575f14389,1,4/3/2018,0,,0,,,
32248673-8a10-4f78-b361-9b1a66565ab8,1,5/1/2018,0,,0,,,
e7005a27-3d26-45a7-bbce-d7dcb085a40e,1,4/11/2018,0,,0,,,
37a481cd-200d-4933-b00b-48b879f42385,1,2/9/2018,1,3/5/2018,0,,25,25
56e22370-4f14-40e3-b7e1-29a775573f4f,1,4/4/2018,0,,0,,,
b381b8a7-2c39-4a2c-bfe4-5ce1e9e4980e,1,4/24/2018,0,,0,,,
82397ee8-2275-4b50-a75f-c9d4cdf16cd0,1,3/30/2018,0,,0,,,
c94c5665-7074-454d-81e2-abc945c947b6,1,5/6/2018,0,,0,,,
2cde2e0f-e958-450d-bbbc-db78ab2a5bb8,1,5/8/2018,0,,0,,,
06238d25-f58c-4b60-a78d-6eeafacaf777,1,2/26/2018,1,3/19/2018,1,3/21/2018,25,25
bfd82ec4-73ec-494e-8c44-c8f2b3cc92e3,1,2/22/2018,1,3/28/2018,0,,25,25
d90ea34b-b557-4c89-a370-33d32870d510,1,2/23/2018,0,,0,,,
973376fe-b895-43ee-a9da-e99593637db5,1,4/16/2018,0,,0,,,
40fbe3b9-a6ba-49d4-a129-e6dd485724b2,1,3/6/2018,0,,0,,,
ee1a61df-3618-494e-ace4-e0dae2151be0,1,2/15/2018,0,,0,,,
c6ff7af5-b56d-426e-b698-c0d6c9e9a2e5,1,3/8/2018,1,3/30/2018,0,,25,25
b675becc-a1a6-4f40-8b11-12e5dc385c4d,1,4/19/2018,0,,0,,,
9e51ed0a-b575-4927-b0f5-b722af826141,1,2/23/2018,0,,0,,,
18e0a42d-b2f6-4450-82bd-9b4fd4df1a2c,1,4/4/2018,1,4/18/2018,0,,50,50
fb9b8039-cfcf-47e2-8bac-9f92d384c93d,1,3/25/2018,0,,0,,,
8802eb51-7eb0-4410-abe5-4ecc0570724d,1,2/24/2018,1,3/10/2018,1,3/10/2018,25,25
b215d4b4-00f9-49c7-82b5-9337e2fbc120,1,4/29/2018,0,,0,,,
743fe6ab-0bb5-445c-ba5a-13d1a86ddaee,1,5/5/2018,0,,0,,,
b8b83c4d-b804-43a8-beaa-8b88235ca65d,1,4/17/2018,0,,0,,,
dc43fd7d-8030-43c0-b4e9-1db4bc80943e,1,4/9/2018,0,,0,,,
20a47e69-cf79-43d3-afaf-d18dacedffe6,1,3/15/2018,1,4/16/2018,0,,50,50
a4da12ac-3778-42bf-85a9-3c4f28921230,1,3/30/2018,0,,0,,,
3b46ffeb-f49e-4d6c-a99d-ac1354073321,1,3/23/2018,1,4/19/2018,1,4/20/2018,50,50
d0c0d714-e89c-4648-b3df-0c1c8a8d176e,1,3/17/2018,1,4/8/2018,1,4/11/2018,25,25
9e7076f2-312f-4bf0-aaf8-aad0e957caf8,1,4/7/2018,0,,0,,,
71fc3b24-9221-42ea-9cd9-676c305cb4dc,1,4/7/2018,1,4/22/2018,0,,25,25
b35fcc2d-b712-4d7d-8187-d60fa3e08dbc,1,4/6/2018,1,4/20/2018,0,,50,50
9157e6b1-1b73-4b2c-88ba-26167125fb51,1,4/5/2018,0,,0,,,
2d9a9bf8-ddde-47a4-9edb-f8254ce4a607,1,3/3/2018,1,3/24/2018,1,4/5/2018,25,25
b381b8a7-2c39-4a2c-bfe4-5ce1e9e4980e,1,2/12/2018,1,3/4/2018,0,,25,25
8f28ed3f-c274-4528-8bed-8625a051a71d,1,3/5/2018,0,,0,,,
c1180297-0fd3-4248-9a15-78c1b9d4d281,1,4/1/2018,1,4/14/2018,1,4/14/2018,25,25
caba71fa-54a9-4f9c-8bb7-f200071f69a6,1,2/27/2018,1,3/20/2018,1,3/20/2018,25,25
c94a3cbf-9570-480c-9a66-aab8fb81ddf5,1,4/15/2018,0,,0,,,
1def8483-53f0-439d-b071-c0ddaf9a403d,1,3/25/2018,0,,0,,,
ad2989a0-dda7-425c-b722-3082569e2844,1,3/30/2018,1,4/21/2018,1,4/23/2018,50,50
a4da12ac-3778-42bf-85a9-3c4f28921230,1,3/19/2018,0,,0,,,
046b576b-744b-4291-809d-18458a401052,1,2/27/2018,0,,0,,,
f77dcdce-9dda-4c5a-9de5-5cf3be11ee0a,1,4/30/2018,0,,0,,,
3de76c3d-453d-4cf0-ad43-a59e6804299e,1,4/20/2018,0,,0,,,
b30e604b-4d81-4635-ac78-0234131e6838,1,5/4/2018,0,,0,,,
c4d41bb2-9873-4dfb-ad09-f8efbca818ab,1,4/3/2018,0,,0,,,
feb77ab6-850b-4921-9ca8-92838526fc37,1,3/25/2018,1,4/14/2018,1,4/14/2018,25,25
4a5a774f-a608-411a-8aa1-5414c915c271,1,3/18/2018,1,4/15/2018,0,,25,25
b72f8b1b-829e-4927-948a-a2a0dfb50ad4,1,3/30/2018,0,,0,,,
db7d132f-08dc-4059-9b34-4496e9159854,1,5/1/2018,0,,0,,,
2cde8320-847f-49ec-bde5-0cf07c83f0b3,1,3/31/2018,1,4/15/2018,0,,25,25
81844f36-15f2-40fa-a2eb-25b4409ba5a2,1,2/28/2018,0,,0,,,
67b9928d-b294-4dec-9fe1-8af9da5b9bf0,1,2/27/2018,1,3/25/2018,0,,25,25
82397ee8-2275-4b50-a75f-c9d4cdf16cd0,1,4/5/2018,1,4/19/2018,0,,50,50
7c7d2477-6c96-4ce1-87a3-63c614e55526,1,3/1/2018,1,3/26/2018,1,4/24/2018,50,50
b7ef7185-d08a-4e7c-a349-108ce7ed67c2,1,3/18/2018,1,4/1/2018,0,,50,50
f5785a4f-5bea-4b83-8df7-b3f9550e0efc,1,3/26/2018,0,,0,,,
ecfa347f-a154-43cc-8d33-aefd73c2c888,1,4/2/2018,1,4/25/2018,1,4/26/2018,50,50
ad2989a0-dda7-425c-b722-3082569e2844,1,4/18/2018,0,,0,,,
81844f36-15f2-40fa-a2eb-25b4409ba5a2,1,3/24/2018,0,,0,,,
47375a22-7a2d-4463-abdc-095cba29ed6c,1,5/4/2018,0,,0,,,
fdb15278-9c9e-48aa-a52f-aed32a410745,1,4/7/2018,1,4/29/2018,1,5/1/2018,25,25
32d40aa9-598e-4ff0-802d-8dab40340737,1,2/21/2018,0,,0,,,
5c3a3470-53ea-4ff4-b166-b80816130bff,1,4/25/2018,0,,0,,,
635ccfd8-2b3c-48fc-8214-8501d1f07f39,1,4/2/2018,0,,0,,,
20a47e69-cf79-43d3-afaf-d18dacedffe6,1,3/15/2018,0,,0,,,
90436e2a-031a-4722-8d18-a490695e60bc,1,5/5/2018,0,,0,,,
2066a008-d17a-4da2-9578-3e338b7e7f8a,1,1/18/2018,1,2/10/2018,1,2/22/2018,25,25
7fa1a98b-672e-47ab-b04e-03cb23478872,1,4/26/2018,0,,0,,,
ae3930f3-9fc2-4a19-9160-225e2f9aee45,1,5/7/2018,0,,0,,,
db25d426-567f-481e-afd8-0c90df388bf0,1,4/3/2018,0,,0,,,
46b38329-5a93-4620-80d8-048d634d5366,1,3/7/2018,1,3/21/2018,0,,50,50
f4d97f7d-736d-4434-a824-d2fc6546e0e3,1,1/5/2018,0,,0,,,
029948dd-3b68-46e4-b37a-0898ffad940d,1,2/16/2018,0,,0,,,
ae81c3f0-69be-41cf-885b-2de102f21123,1,4/20/2018,1,5/6/2018,0,,50,50
66aab6a3-9300-489f-a3b2-9948e24472ed,1,3/13/2018,1,4/3/2018,0,,50,50
b115d0af-2e51-423c-82ae-9ccb25a15efa,1,4/10/2018,0,,0,,,
e7005a27-3d26-45a7-bbce-d7dcb085a40e,1,4/3/2018,0,,0,,,
90436e2a-031a-4722-8d18-a490695e60bc,1,5/1/2018,0,,0,,,
7c7d2477-6c96-4ce1-87a3-63c614e55526,1,3/17/2018,0,,0,,,
aa3c9e0a-3262-44cf-beab-b48cb9bcd191,1,4/25/2018,0,,0,,,
c3eacac7-89df-48b7-91f0-79300fa3075a,1,3/31/2018,1,4/30/2018,0,,25,25
90485039-231d-43f4-a434-ad8164c0c7cc,1,2/13/2018,0,,0,,,
25e27a9a-80ad-4822-b0ca-ed0cbcfe88c8,1,2/17/2018,0,,0,,,
36723972-c55e-4113-a0da-2d20d1bff3ac,1,3/24/2018,0,,0,,,
8e1d2cc2-eb3b-47dd-a92c-613030800d48,1,4/20/2018,0,,0,,,
50f8253b-861c-4314-8e48-b6f64d1ee0d9,1,4/29/2018,0,,0,,,
ae81c3f0-69be-41cf-885b-2de102f21123,1,3/8/2018,0,,0,,,
c94a3cbf-9570-480c-9a66-aab8fb81ddf5,1,4/16/2018,0,,0,,,
e19587e5-49f6-4bae-b5b1-7a2a4676e96b,1,3/4/2018,0,,0,,,
f23f67eb-22e9-4550-b26a-4f34d96c8e40,1,4/7/2018,0,,0,,,
d88c9d5f-ee03-4bf7-9586-7cbf76285643,1,4/28/2018,0,,0,,,
b7ef7185-d08a-4e7c-a349-108ce7ed67c2,1,3/12/2018,1,4/20/2018,0,,50,50
33f32dc8-44d9-4c3f-93a6-d74cb6ebe073,1,2/24/2018,0,,0,,,
7c11b26c-54d6-4d76-8a79-835f2131a615,1,3/29/2018,1,4/22/2018,0,,50,50
dacbd8ac-52cb-4107-9dff-bcda85f4e189,1,3/28/2018,1,4/16/2018,1,5/5/2018,50,50
114aa64b-1a25-4446-b5bd-a6eae7029ceb,1,3/21/2018,1,4/4/2018,0,,50,50
25e5b869-7f28-4320-aeaf-b4957f5242ed,1,3/30/2018,0,,0,,,
b323c741-0c49-4b22-a80d-ae2d98ba145b,1,3/26/2018,0,,0,,,
091f4d5e-118b-4548-accf-84a0862631ba,1,4/17/2018,0,,0,,,
635ccfd8-2b3c-48fc-8214-8501d1f07f39,1,4/14/2018,0,,0,,,
2066a008-d17a-4da2-9578-3e338b7e7f8a,1,1/31/2018,0,,0,,,
1946efd1-3315-4b3e-a818-c6b36854af5a,1,3/6/2018,1,3/28/2018,0,,50,50
0739b7d5-10ab-4029-bc01-7c9267a321e2,1,4/19/2018,0,,0,,,
d88c9d5f-ee03-4bf7-9586-7cbf76285643,1,4/28/2018,0,,0,,,
6ea9fb93-685e-4e59-bb87-85f57eb3dc92,1,3/13/2018,1,3/28/2018,0,,50,50
07cbee6c-710a-486e-bd61-d9ce2f2033ba,1,3/15/2018,1,4/3/2018,1,4/3/2018,50,50
2d9a9bf8-ddde-47a4-9edb-f8254ce4a607,1,3/24/2018,0,,0,,,
fe71ae1d-bf20-47f0-9fe5-6d42e36ceaaf,1,2/8/2018,1,2/28/2018,1,3/11/2018,25,25
f2468aa7-7846-4131-99b6-d38ccd0139fa,1,4/30/2018,0,,0,,,
a05c8843-5a54-45a7-980c-3b6d5c1cf722,1,5/2/2018,0,,0,,,
680c7cd3-436a-4b70-ba74-1f4d0291b74e,1,4/28/2018,0,,0,,,
66ceb9f7-6ebc-476a-9837-3e3255a36566,1,4/30/2018,0,,0,,,
b1eb56e8-f642-47f5-a038-926e670d55b2,1,5/8/2018,0,,0,,,
bfd82ec4-73ec-494e-8c44-c8f2b3cc92e3,1,3/24/2018,1,4/10/2018,0,,50,50
2772da18-4d2c-447e-8b2b-6a80dfc77325,1,3/10/2018,0,,0,,,
b215d4b4-00f9-49c7-82b5-9337e2fbc120,1,4/24/2018,0,,0,,,
c56d9ec5-6200-4968-88fc-de2a2c27cdd6,1,4/8/2018,0,,0,,,
8515394f-d6cd-4f0f-8cb4-de6057b11b67,1,2/12/2018,1,3/10/2018,0,,50,25
53f34fb3-165b-4b9a-aa18-e672fd68b460,1,2/12/2018,0,,0,,,
32248673-8a10-4f78-b361-9b1a66565ab8,1,4/30/2018,0,,0,,,
1e9116a3-1e89-4fea-9b05-501b37ffb5bc,1,3/20/2018,1,4/11/2018,0,,25,25
a68ba27d-c7ef-4a68-b6a2-1921ce766601,1,5/7/2018,0,,0,,,
0583ce4e-39fb-4019-b4d2-62b1ae4a4e4f,1,2/27/2018,0,,0,,,
80dce534-da7b-47f8-bfce-bb24cdb5547b,1,1/26/2018,1,2/16/2018,1,2/23/2018,25,25
973376fe-b895-43ee-a9da-e99593637db5,1,4/16/2018,0,,0,,,
e741a6af-0443-4df6-a535-a9b9ba152d6c,1,4/23/2018,0,,0,,,
8802eb51-7eb0-4410-abe5-4ecc0570724d,1,3/16/2018,1,4/7/2018,1,4/29/2018,25,25
db7d132f-08dc-4059-9b34-4496e9159854,1,5/1/2018,0,,0,,,
b7ef7185-d08a-4e7c-a349-108ce7ed67c2,1,3/12/2018,1,4/20/2018,0,,50,50
40fbe3b9-a6ba-49d4-a129-e6dd485724b2,1,4/7/2018,0,,0,,,
791106d8-5a3d-4308-95e0-6ce27f17073f,1,2/20/2018,0,,0,,,
b3c79653-ed43-4ab8-80b3-64cb2f1eb74c,1,5/2/2018,0,,0,,,
31a94b21-757a-4baf-8825-156f5523f974,1,3/12/2018,1,3/29/2018,0,,25,25
5b440f05-287e-4bc9-8387-871ee7eaa061,1,4/1/2018,0,,0,,,
90485039-231d-43f4-a434-ad8164c0c7cc,1,3/5/2018,0,,0,,,
80dce534-da7b-47f8-bfce-bb24cdb5547b,1,4/26/2018,0,,0,,,
66ceb9f7-6ebc-476a-9837-3e3255a36566,1,4/12/2018,0,,0,,,
7e8fc1f0-57f0-4f6e-b489-a265c55a588a,1,3/6/2018,1,3/30/2018,0,,25,25
372560e5-cf6f-44d8-8a5a-798231b38cb6,1,2/20/2018,1,3/13/2018,0,,25,25
6095fba7-bbe9-4a46-8a1a-d73d80496872,1,1/18/2018,1,2/15/2018,0,,25,25
7c11b26c-54d6-4d76-8a79-835f2131a615,1,2/28/2018,1,3/16/2018,0,,50,50
4fe612e6-98a9-4725-b784-ff5a91bde8eb,1,4/1/2018,0,,0,,,
cc5bc983-848e-496c-8204-4ef04431875a,1,4/5/2018,0,,0,,,
5abab6aa-49b2-4dd6-a3ee-872ac70d8936,1,4/7/2018,1,4/30/2018,1,5/8/2018,25,25
3a77fb8b-9015-4a92-a788-6b9fbeea4952,1,3/10/2018,0,,0,,,
1a465d96-55d7-4fd7-978f-cd3c2a685e85,1,5/3/2018,0,,0,,,
3d1c6424-87a9-43c9-b1c7-5203b850457d,1,4/4/2018,0,,0,,,
dc43fd7d-8030-43c0-b4e9-1db4bc80943e,1,4/18/2018,0,,0,,,
886135e7-c1a9-4df5-9a17-339c0f214a2b,1,3/29/2018,1,4/15/2018,0,,25,25
bf8d6a1e-81d3-4ee0-8e35-777da8468e02,1,3/21/2018,1,4/24/2018,0,,25,25
64cc9c58-7ac7-401a-8935-4f53ec2021ee,1,4/7/2018,1,4/27/2018,0,,25,25
7c65683b-edb6-41cc-9177-cf0383b53f99,1,3/24/2018,1,4/7/2018,0,,25,25
91910a58-4cd2-4325-aa2c-58829cd863fa,1,4/6/2018,1,5/1/2018,1,5/4/2018,50,50
1946efd1-3315-4b3e-a818-c6b36854af5a,1,2/23/2018,1,3/17/2018,0,,50,50
2ca3dafb-c20f-4a4b-bf10-40020f5b96b5,1,2/26/2018,1,3/19/2018,0,,25,25
22ca2de8-3455-4474-87a1-62b04ab19e23,1,4/23/2018,0,,0,,,
42847651-c22c-4b90-8f3b-676305c38991,1,4/30/2018,0,,0,,,
8e1d2cc2-eb3b-47dd-a92c-613030800d48,1,4/20/2018,0,,0,,,
09782ec0-2d1b-455a-90f7-11a3c8b37f24,1,3/1/2018,1,3/28/2018,0,,50,50
f5535730-76fd-49bb-86e8-260755d06d39,1,4/14/2018,0,,0,,,
3eecd352-268d-44bc-989a-64dc1a7a5056,1,4/8/2018,0,,0,,,
df8c8e37-d55b-492a-80ca-35c0c707cfdc,1,4/2/2018,1,4/23/2018,0,,50,50
c2373150-6659-4584-a1c5-d59766cefc49,1,1/23/2018,1,3/26/2018,1,3/28/2018,25,25
886135e7-c1a9-4df5-9a17-339c0f214a2b,1,3/29/2018,1,4/12/2018,0,,25,25
c641ff54-1dbe-41d7-b87a-38d143b67e34,1,3/17/2018,0,,0,,,
91910a58-4cd2-4325-aa2c-58829cd863fa,1,4/6/2018,0,,0,,,
5fa5d553-c5b6-4e8c-b923-999888405c88,1,3/22/2018,1,4/4/2018,0,,25,25
3fef2926-c20f-4cd1-bb58-e5e21d4e229b,1,3/30/2018,1,4/20/2018,0,,50,50
ad2989a0-dda7-425c-b722-3082569e2844,1,4/3/2018,0,,0,,,
bfd82ec4-73ec-494e-8c44-c8f2b3cc92e3,1,3/24/2018,0,,0,,,
57b2d32a-d847-43fe-b871-14bec255668f,1,3/20/2018,1,4/4/2018,1,4/5/2018,25,25
583520a9-36e1-4cd7-b0bc-54a1f39ec89a,1,4/6/2018,1,4/30/2018,0,,50,50
56e22370-4f14-40e3-b7e1-29a775573f4f,1,4/6/2018,1,4/21/2018,0,,50,50
78a35a0d-9012-45d2-8e4c-2c14868ab927,1,4/26/2018,0,,0,,,
f4d97f7d-736d-4434-a824-d2fc6546e0e3,1,1/8/2018,0,,0,,,
4e2404c5-cba3-45a4-a6f4-0d7c6ea58979,1,2/2/2018,1,2/22/2018,0,,25,25
c47700c9-a28a-4e78-82f9-2a5d39b4f5b7,1,3/28/2018,1,4/19/2018,0,,25,25
cbb0b47d-ca09-4825-9f93-ae2b564ca363,1,4/27/2018,0,,0,,,
054ca0a3-38ed-41a3-8285-cd4baae27ea2,1,3/31/2018,1,4/21/2018,1,4/21/2018,50,50
0e302f93-d524-4e6e-a9dc-7479acd5ff62,1,5/6/2018,0,,0,,,
feb19498-83b1-4240-b603-38d71c67c275,1,4/30/2018,0,,0,,,
886135e7-c1a9-4df5-9a17-339c0f214a2b,1,3/29/2018,0,,0,,,
40fbe3b9-a6ba-49d4-a129-e6dd485724b2,1,3/24/2018,0,,0,,,
401a2dd9-643d-4388-a4a2-cb9047aa2815,1,4/18/2018,0,,0,,,
53f34fb3-165b-4b9a-aa18-e672fd68b460,1,3/19/2018,1,4/6/2018,0,,50,50
f5785a4f-5bea-4b83-8df7-b3f9550e0efc,1,3/29/2018,0,,0,,,
3de76c3d-453d-4cf0-ad43-a59e6804299e,1,2/18/2018,0,,0,,,
7c7d2477-6c96-4ce1-87a3-63c614e55526,1,2/28/2018,0,,0,,,
c696c63a-94b2-46e5-8a41-ee366e400ccd,1,2/10/2018,1,3/2/2018,0,,25,25
a475b4d3-36b6-483d-a475-97a0eaba1ce3,1,5/3/2018,0,,0,,,
63ebb066-2aaa-4335-9d81-9aaa16a932c1,1,4/22/2018,0,,0,,,
25e27a9a-80ad-4822-b0ca-ed0cbcfe88c8,1,3/11/2018,0,,0,,,
3de76c3d-453d-4cf0-ad43-a59e6804299e,1,4/25/2018,0,,0,,,
3a77fb8b-9015-4a92-a788-6b9fbeea4952,1,3/22/2018,0,,0,,,
157fbfda-c3a4-4cb2-bcc9-55b4a7b5fff7,1,2/18/2018,0,,0,,,
6c7a4afd-02b6-475c-84f8-616f64cf5486,1,4/8/2018,0,,0,,,
ebf6ad67-7da4-4fad-89d7-f756dace02e5,1,2/25/2018,0,,0,,,
17ea5638-3cbb-45cd-8414-a9ac1b1f05b7,1,3/9/2018,0,,0,,,
054ca0a3-38ed-41a3-8285-cd4baae27ea2,1,4/22/2018,0,,0,,,
eec9fcae-59ae-4459-9c91-0401f8bb1148,1,4/29/2018,0,,0,,,
71bf61f8-4297-45f6-a558-298f31c0da05,1,3/13/2018,0,,0,,,
cc5bc983-848e-496c-8204-4ef04431875a,1,4/5/2018,0,,0,,,
f69732c0-a553-491a-acc8-18b024b4f64d,1,2/26/2018,0,,0,,,
35f89e91-795d-4a7b-a411-a913ff994c49,1,4/15/2018,0,,0,,,
753a85a9-a252-44df-bdad-eb72f5c698fe,1,2/23/2018,0,,0,,,
54d68251-d780-471f-a767-01a295c75ff9,1,4/8/2018,0,,0,,,
886cab8b-6db4-4607-a87e-ca59aeaa42c7,1,4/6/2018,1,4/27/2018,0,,50,50
66ceb9f7-6ebc-476a-9837-3e3255a36566,1,4/19/2018,0,,0,,,
d74e4e87-bb3a-46db-bb2c-664650405d88,1,3/22/2018,0,,0,,,
c696c63a-94b2-46e5-8a41-ee366e400ccd,1,2/12/2018,1,2/26/2018,0,,25,25
34daa4f1-20df-4351-b50c-90cb7c6543ce,1,1/21/2018,0,,0,,,
9e0e40ad-e8d7-46b4-9138-e122cb696e81,1,2/18/2018,1,4/1/2018,0,,25,25
bfd82ec4-73ec-494e-8c44-c8f2b3cc92e3,1,3/21/2018,0,,0,,,
2a57484c-39d2-4fc9-8d7b-0ece5c6ba37f,1,5/6/2018,0,,0,,,
ac95ba18-4bb7-458d-9a55-fbfdd58fe31b,1,4/20/2018,1,5/4/2018,0,,25,25
c56d9ec5-6200-4968-88fc-de2a2c27cdd6,1,4/8/2018,0,,0,,,
0f7342a0-d36f-4980-8a76-ed2cef4bb321,1,1/17/2018,0,,0,,,
1c5fc082-6a49-4815-bfab-3272057b962b,1,3/26/2018,0,,0,,,
886135e7-c1a9-4df5-9a17-339c0f214a2b,1,4/15/2018,0,,0,,,
39a38b2e-19b5-49f8-891b-d2ee1bb1b741,1,2/15/2018,0,,0,,,
64cc9c58-7ac7-401a-8935-4f53ec2021ee,1,4/10/2018,0,,0,,,
f3ab21cc-bff9-4974-942c-27ba613385b4,1,3/18/2018,1,4/8/2018,0,,50,50
87c1e299-b243-4ed6-8663-0f24c60e9edb,1,3/14/2018,0,,0,,,
1bd20795-ad59-4862-88ba-2011637bab6a,1,4/16/2018,0,,0,,,
424bb5a6-01af-4c83-8b01-a1d26c3f1a5b,1,5/8/2018,0,,0,,,
d1a764d0-2ebe-4d3b-aa99-9e055a22a9cd,1,3/6/2018,0,,0,,,
1946efd1-3315-4b3e-a818-c6b36854af5a,1,2/24/2018,1,3/21/2018,1,3/31/2018,50,50
fe0537e4-3553-4a6b-be65-cc0ef68660b5,1,4/20/2018,0,,0,,,
5b440f05-287e-4bc9-8387-871ee7eaa061,1,3/29/2018,0,,0,,,
82747e18-afe6-49ca-8ba5-9961a2eac79f,1,4/4/2018,1,4/27/2018,0,,50,50
fdb15278-9c9e-48aa-a52f-aed32a410745,1,4/17/2018,0,,0,,,
89532f35-c603-4e96-b3c6-f9c739d9ef4c,1,2/11/2018,0,,0,,,
fb6f34f9-e468-4895-b883-545327dab20b,1,4/12/2018,0,,0,,,
a10c315a-cac3-454b-91fc-b1345356a33a,1,2/25/2018,0,,0,,,
e74ee25f-210e-4081-bb2c-f3ba785b31e4,1,2/20/2018,0,,0,,,
d3947a5a-e568-473e-8c15-0a35bda03116,1,4/4/2018,1,4/28/2018,0,,25,25
5ed33075-36ef-4d3a-be96-2ce4209fdca0,1,4/18/2018,0,,0,,,
83eaf3f7-99c3-452a-85cd-6f851b17782f,1,3/9/2018,1,4/4/2018,0,,50,50
d96944b5-cf74-41e4-ab5f-26ded8352d48,1,3/20/2018,0,,0,,,
dfce6d20-4e0b-4280-b597-8708806166a7,1,5/8/2018,0,,0,,,
f4d97f7d-736d-4434-a824-d2fc6546e0e3,1,1/6/2018,1,1/28/2018,0,,25,25
71fc3b24-9221-42ea-9cd9-676c305cb4dc,1,4/23/2018,0,,0,,,
ce816218-e384-46cb-9e43-57682b0312df,1,5/7/2018,0,,0,,,
66aab6a3-9300-489f-a3b2-9948e24472ed,1,3/14/2018,0,,0,,,
61e0aaf0-58e5-41fc-82ba-418b600694b3,1,4/26/2018,0,,0,,,
7a43d221-47a2-4827-8aeb-2bb2c99e12ca,1,4/3/2018,1,5/6/2018,0,,50,50
2a93e3f9-be31-4469-bdae-e1c9ac08057f,1,4/27/2018,0,,0,,,
90436e2a-031a-4722-8d18-a490695e60bc,1,5/4/2018,0,,0,,,
cc0a093d-0abb-4e08-9ce1-324806d741fe,1,2/27/2018,1,3/20/2018,1,3/27/2018,25,25
288abd61-f383-41dc-a2b1-60f66dfd79ac,1,3/12/2018,1,3/28/2018,0,,50,50
7c11b26c-54d6-4d76-8a79-835f2131a615,1,3/27/2018,1,4/14/2018,0,,50,50
5b440f05-287e-4bc9-8387-871ee7eaa061,1,3/16/2018,1,3/29/2018,0,,50,50
66df52c5-3f01-4a73-a063-f64e0c9e3a3e,1,3/6/2018,0,,0,,,
53958bc0-c35f-41e8-9b15-7bff7c67c825,1,5/1/2018,0,,0,,,
e23b1400-80a9-4db6-93dd-2d84b800d36d,1,1/8/2018,1,1/27/2018,0,,25,25
274c3e0f-289a-49d2-b9cf-18428a9ec549,1,1/19/2018,0,,0,,,
f5c0a115-e7b7-4489-9f06-cd4077590e67,1,4/6/2018,0,,0,,,
b06ff781-a610-4c2c-b2de-52dc958dcb5e,1,3/1/2018,1,3/19/2018,0,,50,50
4b0d413c-c5c1-4059-b740-f65a7f7c5ec7,1,3/15/2018,1,4/6/2018,1,4/8/2018,25,25
3d1b7f2f-6e94-4cc2-903e-0ea59fa55e03,1,3/30/2018,1,4/20/2018,0,,50,50
077ac3c8-fc84-4230-812f-7090830ead8e,1,3/11/2018,1,4/6/2018,1,4/6/2018,25,25
8da86f45-ef97-4eb3-ac3a-9d50db9dcf9f,1,4/15/2018,0,,0,,,
b7ef7185-d08a-4e7c-a349-108ce7ed67c2,1,3/12/2018,1,4/16/2018,0,,50,50
be32e07a-6ae2-49d8-be97-58daa9facfaf,1,3/7/2018,0,,0,,,
06238d25-f58c-4b60-a78d-6eeafacaf777,1,2/9/2018,0,,0,,,
90436e2a-031a-4722-8d18-a490695e60bc,1,3/31/2018,1,4/13/2018,0,,25,25
81378dd8-9ec2-4424-9b59-f9a3eb7ff910,1,4/1/2018,0,,0,,,
cb72d6d3-6154-47dd-a639-5e7fc74ec514,1,3/30/2018,1,4/16/2018,0,,50,50
8a4feadc-9d1f-4e89-a3d2-bd888138b18b,1,1/27/2018,1,2/13/2018,0,,25,25
d7aa0380-6776-484e-92be-ce6abc84137e,1,3/23/2018,0,,0,,,
282702a2-fdba-45d7-9744-e437bbc2ef62,1,2/22/2018,0,,0,,,
38cda158-8375-4161-ab4a-fed76927a171,1,4/15/2018,0,,0,,,
294b3d66-fc4c-47cc-b719-b411ab9ef2b0,1,3/26/2018,0,,0,,,
b115d0af-2e51-423c-82ae-9ccb25a15efa,1,3/11/2018,1,4/1/2018,1,4/1/2018,50,25
6b7a66b5-dd92-4837-918f-6fcb82bc47d2,1,4/16/2018,1,5/6/2018,1,5/6/2018,50,50
463779c6-4704-4b5f-bf27-71c69285c745,1,3/6/2018,1,3/24/2018,0,,50,50
0f966966-e1c5-4a7e-b8fa-539338f727c4,1,4/28/2018,1,4/28/2018,1,5/3/2018,25,
66ceb9f7-6ebc-476a-9837-3e3255a36566,1,4/9/2018,1,4/27/2018,1,5/2/2018,50,50
0afcf5fe-c7d2-44be-aedb-0135ddd2c52d,1,2/24/2018,0,,0,,,
d8510eef-a686-44f3-8c36-f0010156dcb4,1,3/10/2018,1,3/27/2018,0,,25,25
a5b45527-968a-4d2e-b638-c7bd79f5926b,1,3/12/2018,0,,0,,,
f5785a4f-5bea-4b83-8df7-b3f9550e0efc,1,3/29/2018,0,,0,,,
21be4325-e709-4333-957b-2bbe213dfd73,1,5/6/2018,0,,0,,,
66ceb9f7-6ebc-476a-9837-3e3255a36566,1,4/27/2018,0,,0,,,
3acb3506-8318-45b1-89c0-066c938cae77,1,4/11/2018,1,5/3/2018,1,5/3/2018,25,25
114aa64b-1a25-4446-b5bd-a6eae7029ceb,1,3/14/2018,1,3/29/2018,0,,50,50
50f8253b-861c-4314-8e48-b6f64d1ee0d9,1,4/13/2018,0,,0,,,
31c74ee1-930f-4946-a853-0c65e2da8938,1,3/27/2018,1,4/24/2018,0,,50,50
e19587e5-49f6-4bae-b5b1-7a2a4676e96b,1,3/4/2018,0,,0,,,
6c7a4afd-02b6-475c-84f8-616f64cf5486,1,4/8/2018,1,4/29/2018,0,,50,50
ee33b931-1b58-49e9-9692-56aabf1bc8a4,1,2/13/2018,0,,0,,,
f77dcdce-9dda-4c5a-9de5-5cf3be11ee0a,1,4/16/2018,1,4/30/2018,0,,50,50
c0a28794-8306-43b2-9490-ffe04fbd75c7,1,3/20/2018,0,,0,,,
6dc56bb4-f91f-485b-b23a-4418304a3896,1,1/6/2018,0,,0,,,
c4691824-7992-470f-a785-d511f99886b5,1,5/7/2018,0,,0,,,
17f52ba9-b771-4f8e-aab7-bc9956290581,1,5/2/2018,0,,0,,,
5ada7967-74c1-4066-aee9-55bae9fe8b5f,1,4/13/2018,0,,0,,,
b9309985-1898-41d4-8881-414a2dc63f8e,1,3/19/2018,1,4/11/2018,1,4/21/2018,50,50
b8b83c4d-b804-43a8-beaa-8b88235ca65d,1,4/19/2018,0,,0,,,
1788b9e6-ebd6-4741-81e9-22203d0934ed,1,3/10/2018,0,,0,,,
62afa1ec-06b4-45c3-b0a4-b19c414a7ce7,1,3/19/2018,1,4/10/2018,1,4/26/2018,50,50
82397ee8-2275-4b50-a75f-c9d4cdf16cd0,1,4/3/2018,1,4/16/2018,0,,50,50
40fbe3b9-a6ba-49d4-a129-e6dd485724b2,1,4/4/2018,0,,0,,,
bfd82ec4-73ec-494e-8c44-c8f2b3cc92e3,1,2/21/2018,1,3/20/2018,1,3/30/2018,25,25
4e494168-fb1b-4cbd-97cb-9fe1c07cd82f,1,2/19/2018,1,3/22/2018,0,,25,25
d909878c-b9fd-474d-a466-8070993aa052,1,3/10/2018,1,4/9/2018,1,4/23/2018,25,25
05710a2f-3f26-4a46-948f-6e2f61973a22,1,3/31/2018,1,4/14/2018,1,4/16/2018,25,25
f5c0a115-e7b7-4489-9f06-cd4077590e67,1,4/3/2018,0,,0,,,
8c37f11b-b892-48a5-96d1-650cbc5b9bb1,1,4/20/2018,0,,0,,,
5c3a3470-53ea-4ff4-b166-b80816130bff,1,3/13/2018,0,,0,,,
b115d0af-2e51-423c-82ae-9ccb25a15efa,1,3/5/2018,1,3/24/2018,0,,25,25
910c2b34-c976-444b-abfe-6e7b403ca1a1,1,4/15/2018,1,4/29/2018,0,,50,50
ee58ca49-4e59-41be-8174-6473077ed1ca,1,4/12/2018,1,5/2/2018,1,5/2/2018,50,50
5a6e3c3f-aca2-42d8-91f0-cdcf958b7fbd,1,3/10/2018,1,3/23/2018,1,3/28/2018,25,25
1c5fc082-6a49-4815-bfab-3272057b962b,1,3/1/2018,0,,0,,,
4e3eb9a3-7984-45cb-8e59-a1e9b90213b7,1,5/8/2018,0,,0,,,
53474789-6d41-4ec9-a9bb-1a0384f71fb3,1,2/28/2018,1,4/11/2018,1,4/11/2018,50,50
a6322885-2df8-44f4-9ea9-1f9d20b84946,1,3/24/2018,0,,0,,,
00e64f3f-310e-401e-a6db-4f3dde2bb368,1,3/11/2018,1,3/26/2018,0,,,
21dafc87-83f5-4cb0-96d6-129a68a7bb20,1,4/28/2018,0,,0,,,
f601001f-04a5-4e55-b053-c8c54f51fe29,1,4/20/2018,0,,0,,,
41ed6cd5-5a2a-4fec-b2ba-1f0920d19126,1,4/15/2018,1,4/30/2018,0,,25,25
8e1d2cc2-eb3b-47dd-a92c-613030800d48,1,4/24/2018,0,,0,,,
b69fa9f3-d4a2-4190-9586-2e5f47b8aedf,1,2/28/2018,0,,0,,,
b357a097-f3c6-4a0e-bd75-6fa93051a841,1,4/3/2018,0,,0,,,
50f8253b-861c-4314-8e48-b6f64d1ee0d9,1,4/16/2018,0,,0,,,
3de76c3d-453d-4cf0-ad43-a59e6804299e,1,3/1/2018,0,,0,,,
5b440f05-287e-4bc9-8387-871ee7eaa061,1,4/14/2018,0,,0,,,
9d8d0e4c-45fb-48fb-bf66-38acfdafeae1,1,4/6/2018,0,,0,,,
8418b27e-6d9b-4a31-9379-0ac9842260b9,1,4/15/2018,1,5/8/2018,0,,25,25
8b3496ed-860c-4378-8dce-add86d042199,1,3/13/2018,0,,0,,,
ee15bf0c-fe76-4511-a649-2ab9854b578f,1,1/30/2018,1,3/5/2018,1,4/20/2018,25,25
4238890d-5014-4e7b-a63b-917c06f367a4,1,2/17/2018,1,3/16/2018,1,3/18/2018,25,25
5a31ae5f-7c3b-414f-ba36-8c44f6e7b994,1,3/23/2018,0,,0,,,
ebf6ad67-7da4-4fad-89d7-f756dace02e5,1,4/4/2018,1,4/17/2018,0,,25,25
fc01715c-060a-483c-ad74-26ce996bb385,1,2/22/2018,1,3/7/2018,0,,50,50
0a5fa836-7725-4247-bd32-85e1c00b3ffd,1,4/12/2018,0,,0,,,
cf058a1d-bf8b-41c5-901c-312d00b2568a,1,4/7/2018,0,,0,,,
1c5fc082-6a49-4815-bfab-3272057b962b,1,3/6/2018,1,3/19/2018,0,,50,50
addd1986-8759-4e85-891f-85d153c7cbdd,1,3/3/2018,0,,0,,,
d0c0d714-e89c-4648-b3df-0c1c8a8d176e,1,3/15/2018,1,4/5/2018,1,4/5/2018,25,25
0c36566c-e5da-40bc-9a4d-d9f5d8fbbdaa,1,5/2/2018,0,,0,,,
b20980e6-86ca-4460-ab0f-9fbb648ee652,1,5/3/2018,0,,0,,,
d3f73c10-ffd1-40d9-a8b6-1c0b13e103ae,1,4/15/2018,1,5/5/2018,0,,25,25
40fbe3b9-a6ba-49d4-a129-e6dd485724b2,1,4/9/2018,0,,0,,,
281acd26-576e-4e00-ba9f-7bf255aa4874,1,3/25/2018,1,4/21/2018,1,4/21/2018,25,25
a475b4d3-36b6-483d-a475-97a0eaba1ce3,1,5/3/2018,0,,0,,,
3f0f52ec-a5d2-4bf7-a9f9-8d8de6fc6db4,1,3/30/2018,1,4/19/2018,0,,25,25
0aec08a0-1f8c-481f-b49d-f2a82b5d5789,1,1/7/2018,1,3/13/2018,0,,25,25
af277917-1144-4c29-9961-769c33be056f,1,4/14/2018,1,5/8/2018,0,,25,25
46a78533-b9d9-4038-8b8e-fb2f14c1a211,1,5/8/2018,0,,0,,,
6422971d-56a0-462a-b027-128c74c7c145,1,3/12/2018,1,4/10/2018,0,,25,25
5a85d55f-3caa-487b-88a6-e58d05caf346,1,3/5/2018,1,3/30/2018,0,,50,50
3ea4c17d-2457-4410-afec-7ff240b3a126,1,4/19/2018,0,,0,,,
60d5511c-aea0-484b-bbf1-8423ea610e4b,1,4/16/2018,1,4/30/2018,1,4/30/2018,50,50
21be4325-e709-4333-957b-2bbe213dfd73,1,5/3/2018,0,,0,,,
39a38b2e-19b5-49f8-891b-d2ee1bb1b741,1,2/13/2018,1,3/3/2018,0,,25,25
c90882e5-27b1-4023-8753-0076ded0a20e,1,3/22/2018,0,,0,,,
b7ef7185-d08a-4e7c-a349-108ce7ed67c2,1,2/22/2018,1,3/12/2018,0,,50,50
26270dc5-9782-4549-af6e-53e0175dbfc2,1,3/13/2018,0,,0,,,
ae81c3f0-69be-41cf-885b-2de102f21123,1,2/13/2018,0,,0,,,
6b7a66b5-dd92-4837-918f-6fcb82bc47d2,1,4/26/2018,1,4/26/2018,0,,50,
5f24b02e-57c8-4f48-8de9-25adc2537d42,1,4/30/2018,0,,0,,,
90436e2a-031a-4722-8d18-a490695e60bc,1,5/1/2018,0,,0,,,
55b2fe77-5478-48e7-9388-1856b60b4159,1,5/1/2018,0,,0,,,
25e27a9a-80ad-4822-b0ca-ed0cbcfe88c8,1,2/17/2018,1,3/12/2018,1,3/13/2018,50,50
41ed6cd5-5a2a-4fec-b2ba-1f0920d19126,1,4/30/2018,0,,0,,,
66ceb9f7-6ebc-476a-9837-3e3255a36566,1,4/30/2018,0,,0,,,
b69fa9f3-d4a2-4190-9586-2e5f47b8aedf,1,2/28/2018,1,3/28/2018,1,4/9/2018,25,25
fd3fdb4c-ec43-42a7-931c-d93a1f407c1b,1,4/5/2018,1,4/26/2018,0,,25,25
3de76c3d-453d-4cf0-ad43-a59e6804299e,1,2/18/2018,1,3/5/2018,0,,25,25
c790f728-9319-48ed-9074-976813e3d1ff,1,3/27/2018,0,,0,,,
09782ec0-2d1b-455a-90f7-11a3c8b37f24,1,3/22/2018,1,4/13/2018,1,4/14/2018,50,50
cd99aa6c-dd29-4aab-84ca-0c8432f13b32,1,5/3/2018,0,,0,,,
2d9a9bf8-ddde-47a4-9edb-f8254ce4a607,1,2/28/2018,1,3/18/2018,0,,25,25
3d1b7f2f-6e94-4cc2-903e-0ea59fa55e03,1,4/21/2018,0,,0,,,
4b8372a8-9d8a-433f-a33c-90a9eaa99e73,1,3/27/2018,0,,0,,,
81e0f13a-2f69-4709-b2c0-4e71f6d17403,1,3/18/2018,1,4/8/2018,0,,50,50
e741a6af-0443-4df6-a535-a9b9ba152d6c,1,4/28/2018,0,,0,,,
1bd20795-ad59-4862-88ba-2011637bab6a,1,4/21/2018,1,5/8/2018,0,,50,50
2f7ab341-3c8e-4b28-ad4e-d0583dc4038e,1,3/31/2018,0,,0,,,
4a84e865-0b7e-4f48-87bc-a6950ecee294,1,4/29/2018,0,,0,,,
e75a9ce6-a092-462c-8c98-6ccb35885d96,1,4/29/2018,0,,0,,,
109b1c84-2554-48c2-a3e3-98cf337761ec,1,3/1/2018,1,3/19/2018,1,3/22/2018,25,25
ea582961-8e8b-4e4b-a725-b7f29becd4bd,1,4/19/2018,1,5/5/2018,0,,25,25
973376fe-b895-43ee-a9da-e99593637db5,1,3/30/2018,0,,0,,,
db7430e7-f154-4718-b3a5-76af4adadbfd,1,3/26/2018,1,4/16/2018,1,4/16/2018,50,50
82e9ae47-e68f-4807-9bc8-6fc242ceb019,1,4/3/2018,0,,0,,,
db7430e7-f154-4718-b3a5-76af4adadbfd,1,3/16/2018,1,4/8/2018,1,4/30/2018,50,50
4c689020-fa8e-4984-bf10-50706ead9592,1,3/14/2018,0,,0,,,
8c49607b-b50e-422d-b76e-067062108b53,1,4/7/2018,1,4/20/2018,1,5/5/2018,50,50
1dd72785-26a0-4f53-8a99-454f6d205bf1,1,3/1/2018,1,3/28/2018,1,3/28/2018,50,50
4d3cf898-9ccf-47cc-bb13-b561c06bdf1a,1,3/24/2018,1,4/16/2018,0,,50,50
1946efd1-3315-4b3e-a818-c6b36854af5a,1,2/24/2018,1,3/17/2018,0,,,
20d6677b-9352-4195-b9e2-7897e34c7ff1,1,4/1/2018,1,5/4/2018,1,5/5/2018,50,50
bb6574a2-ba7c-4bf6-bd93-7513587c7e5b,1,2/20/2018,1,3/22/2018,0,,25,25
b30e604b-4d81-4635-ac78-0234131e6838,1,4/30/2018,0,,0,,,
54d68251-d780-471f-a767-01a295c75ff9,1,4/17/2018,0,,0,,,
cb5b6586-c0e8-47c9-bae3-88c8a7556f07,1,3/6/2018,0,,0,,,
90436e2a-031a-4722-8d18-a490695e60bc,1,5/1/2018,0,,0,,,
87c486ca-d2c6-4b73-bc5a-81e2c7c4e198,1,4/14/2018,1,5/4/2018,0,,50,50
b8b83c4d-b804-43a8-beaa-8b88235ca65d,1,5/2/2018,0,,0,,,
4e458394-2a51-461f-bfaa-61e944831555,1,4/7/2018,1,4/21/2018,0,,25,25
ad2989a0-dda7-425c-b722-3082569e2844,1,2/23/2018,0,,0,,,
b357a097-f3c6-4a0e-bd75-6fa93051a841,1,4/5/2018,0,,0,,,
50f8253b-861c-4314-8e48-b6f64d1ee0d9,1,4/16/2018,0,,0,,,
8d83b830-438d-461a-a67f-7a3a12a660b1,1,3/25/2018,1,4/8/2018,0,,50,50
5c3a3470-53ea-4ff4-b166-b80816130bff,1,4/24/2018,0,,0,,,
f5c9a237-f722-4d32-a52f-a1fc1e66f6cf,1,4/25/2018,0,,0,,,
6c183d59-decf-4ce4-83be-3b2d568eb0f6,1,5/5/2018,0,,0,,,
6067bfc2-0e48-49bf-a225-37fe3727bedc,1,4/27/2018,0,,0,,,
1946efd1-3315-4b3e-a818-c6b36854af5a,1,3/12/2018,0,,0,,,
f749a199-b667-4e45-ae10-adeefd1efc83,1,2/24/2018,0,,0,,,
160ffb4a-7bc5-4e26-a728-78f637f73487,1,2/17/2018,0,,0,,,
791106d8-5a3d-4308-95e0-6ce27f17073f,1,2/19/2018,0,,0,,,
ae81c3f0-69be-41cf-885b-2de102f21123,1,4/22/2018,0,,0,,,
75fa3d74-a739-4d6a-b619-d7d9438a01a5,1,2/24/2018,0,,0,,,
b675becc-a1a6-4f40-8b11-12e5dc385c4d,1,2/28/2018,1,3/13/2018,0,,50,50
3eecd352-268d-44bc-989a-64dc1a7a5056,1,4/17/2018,1,5/8/2018,0,,25,25
e3ab1373-13f0-473f-a272-1269864ecdb9,1,4/7/2018,1,4/20/2018,0,,25,25
0f7342a0-d36f-4980-8a76-ed2cef4bb321,1,3/22/2018,0,,0,,,
a5b45527-968a-4d2e-b638-c7bd79f5926b,1,2/13/2018,0,,0,,,
06238d25-f58c-4b60-a78d-6eeafacaf777,1,3/5/2018,1,3/27/2018,0,,50,50
1e9116a3-1e89-4fea-9b05-501b37ffb5bc,1,3/26/2018,1,4/22/2018,0,,50,50
dc43fd7d-8030-43c0-b4e9-1db4bc80943e,1,4/9/2018,0,,0,,,
d88c9d5f-ee03-4bf7-9586-7cbf76285643,1,5/2/2018,0,,0,,,
72fcbeae-7b22-4259-953b-c704b6af6ba0,1,4/13/2018,1,5/3/2018,0,,25,25
db419d4f-45cc-4e75-a846-9d97774ae1bf,1,2/24/2018,0,,0,,,
f3618f6a-23ef-4ecd-9960-806573172ac0,1,4/27/2018,0,,0,,,
ab548978-99a3-4ab3-bc11-a720684af0dd,1,3/12/2018,0,,0,,,
89532f35-c603-4e96-b3c6-f9c739d9ef4c,1,2/17/2018,0,,0,,,
2d9a9bf8-ddde-47a4-9edb-f8254ce4a607,1,2/28/2018,1,3/22/2018,1,3/27/2018,25,25
5a6e3c3f-aca2-42d8-91f0-cdcf958b7fbd,1,3/18/2018,0,,0,,,
786869ec-8dae-4ac9-a5d8-5f47e543357e,1,4/6/2018,0,,0,,,
910c2b34-c976-444b-abfe-6e7b403ca1a1,1,4/18/2018,0,,0,,,
56e22370-4f14-40e3-b7e1-29a775573f4f,1,4/4/2018,1,4/29/2018,0,,50,50
68edf642-8d51-4e6e-ad5c-5b4dcfd2f3cd,1,5/3/2018,0,,0,,,
7c65683b-edb6-41cc-9177-cf0383b53f99,1,3/1/2018,0,,0,,,
a41cbc4a-4c75-408d-aea7-cf383b05cd68,1,4/4/2018,1,4/24/2018,0,,25,25
66c2af04-0f32-4dad-9f3f-27eb44797b20,1,2/15/2018,0,,0,,,
78ed49e8-f47d-4fd3-9b9d-5f9c2081274d,1,2/12/2018,0,,0,,,
a4dfd4de-e1a8-4ca1-8080-1d37f358f578,1,4/15/2018,0,,0,,,
feb77ab6-850b-4921-9ca8-92838526fc37,1,3/24/2018,0,,0,,,
addd1986-8759-4e85-891f-85d153c7cbdd,1,3/28/2018,0,,0,,,
6ec535f5-cb4a-4f55-b302-2f869ca53036,1,4/27/2018,0,,0,,,
f5c0a115-e7b7-4489-9f06-cd4077590e67,1,3/24/2018,0,,0,,,
a41cbc4a-4c75-408d-aea7-cf383b05cd68,1,4/3/2018,0,,0,,,
d593fe00-5405-402e-b496-64ed9b0a2439,1,2/22/2018,0,,0,,,
e19587e5-49f6-4bae-b5b1-7a2a4676e96b,1,1/20/2018,0,,0,,,
40fbe3b9-a6ba-49d4-a129-e6dd485724b2,1,4/4/2018,0,,0,,,
cc5bc983-848e-496c-8204-4ef04431875a,1,4/20/2018,0,,0,,,
e8d3b99c-9805-437b-9ec0-6e46554b8f2d,1,3/10/2018,1,3/24/2018,0,,25,25
6dc56bb4-f91f-485b-b23a-4418304a3896,1,4/21/2018,0,,0,,,
7a83b4f0-a089-4362-a5fe-e4efa2b5fb87,1,4/28/2018,0,,0,,,
db25d426-567f-481e-afd8-0c90df388bf0,1,3/14/2018,0,,0,,,
18fb9833-f8f9-421f-8a67-3bb03deccca8,1,3/1/2018,1,3/22/2018,0,,25,25
1c5fc082-6a49-4815-bfab-3272057b962b,1,3/31/2018,0,,0,,,
91d3b074-ad37-4fc5-95ab-782c232c98d4,1,4/9/2018,0,,0,,,
f57680ee-587b-4618-b33c-061c3d7c61e5,1,4/6/2018,0,,0,,,
7c11b26c-54d6-4d76-8a79-835f2131a615,1,3/31/2018,1,4/21/2018,1,5/8/2018,50,50
9895df8e-7853-4c9b-80e0-207563b432c3,1,2/8/2018,0,,0,,,
b215d4b4-00f9-49c7-82b5-9337e2fbc120,1,4/29/2018,0,,0,,,
edbacf92-ad86-4e82-b474-474455b511d7,1,2/23/2018,1,3/17/2018,0,,25,25
680c7cd3-436a-4b70-ba74-1f4d0291b74e,1,4/28/2018,0,,0,,,
3fef2926-c20f-4cd1-bb58-e5e21d4e229b,1,3/17/2018,1,3/30/2018,0,,50,50
6650a4b6-087f-4b7d-9994-f917f49168d6,1,3/23/2018,1,4/5/2018,0,,25,25
9a7a08af-ee75-4f74-9580-289595c0fdb8,1,3/29/2018,0,,0,,,
c6ff7af5-b56d-426e-b698-c0d6c9e9a2e5,1,4/17/2018,0,,0,,,
0c36566c-e5da-40bc-9a4d-d9f5d8fbbdaa,1,4/11/2018,1,5/2/2018,0,,25,25
8e74749c-13cf-480a-a475-21993816e581,1,4/3/2018,1,4/27/2018,0,,25,25
ae2ef42d-7eb7-4d28-8526-eddf74c250dd,1,5/7/2018,0,,0,,,
591c7d6e-de88-4da1-9c1c-8323dde989a5,1,4/4/2018,0,,0,,,
b713231e-08dd-48bd-8334-91c3f7bd4885,1,3/17/2018,0,,0,,,
78290312-11b2-4eea-b345-7088eb0f777d,1,3/12/2018,0,,0,,,
feb77ab6-850b-4921-9ca8-92838526fc37,1,3/28/2018,0,,0,,,
591c7d6e-de88-4da1-9c1c-8323dde989a5,1,4/1/2018,1,4/23/2018,1,4/27/2018,25,25
009ba600-496b-4d3a-8d2c-96c7c6fc6461,1,2/21/2018,0,,0,,,
8418b27e-6d9b-4a31-9379-0ac9842260b9,1,4/16/2018,0,,0,,,
9ce0a60c-0e5f-445d-921a-2f8db4e8989d,1,4/6/2018,1,5/2/2018,0,,25,25
40fbe3b9-a6ba-49d4-a129-e6dd485724b2,1,4/7/2018,0,,0,,,
d11e9946-e009-4a9d-898e-c3c5d90a18a6,1,5/8/2018,0,,0,,,
4d9080e0-17e1-49d7-adb5-afd0094573b9,1,3/24/2018,1,4/21/2018,0,,25,25
2344d19b-fdf3-4866-876e-ed6dd2631d83,1,4/22/2018,0,,0,,,
5f24b02e-57c8-4f48-8de9-25adc2537d42,1,4/27/2018,0,,0,,,
ab10e960-b695-4734-b8cf-98a4f14908cf,1,4/23/2018,1,5/7/2018,0,,25,25
eca984df-844e-4fe5-90af-8220ce7620d2,1,3/4/2018,1,3/18/2018,1,3/26/2018,25,25
e74ee25f-210e-4081-bb2c-f3ba785b31e4,1,2/20/2018,0,,0,,,
31614aeb-ee39-4924-a8de-e7b9040e01ec,1,4/30/2018,0,,0,,,
918edfc0-d4cd-4580-94f1-578efbed582d,1,3/3/2018,1,3/22/2018,0,,25,25
4e44ea30-6205-4319-9b87-58c97ce28093,1,2/24/2018,1,3/18/2018,0,,25,25
9a7a08af-ee75-4f74-9580-289595c0fdb8,1,1/29/2018,1,2/19/2018,0,,25,25
8f28ed3f-c274-4528-8bed-8625a051a71d,1,3/24/2018,0,,0,,,
ac95ba18-4bb7-458d-9a55-fbfdd58fe31b,1,4/20/2018,0,,0,,,
791106d8-5a3d-4308-95e0-6ce27f17073f,1,2/19/2018,1,3/8/2018,1,3/17/2018,25,25
39e62828-6ee0-42f4-9de3-453323ed6710,1,3/14/2018,1,4/3/2018,1,4/4/2018,50,50
109b1c84-2554-48c2-a3e3-98cf337761ec,1,3/20/2018,1,4/19/2018,1,4/19/2018,50,50
82e9017b-6b14-4cac-b612-badc69d5422e,1,4/19/2018,0,,0,,,
c90882e5-27b1-4023-8753-0076ded0a20e,1,3/21/2018,1,4/24/2018,0,,50,50
7a83b4f0-a089-4362-a5fe-e4efa2b5fb87,1,4/27/2018,0,,0,,,
e3ab1373-13f0-473f-a272-1269864ecdb9,1,4/11/2018,0,,0,,,
22172c9a-d209-4e1d-ab45-fa05fc243a69,1,3/30/2018,1,4/28/2018,0,,50,50
5b55b6d7-7e2d-479e-9b4e-1cf379e76c56,1,5/3/2018,0,,0,,,
1c5fc082-6a49-4815-bfab-3272057b962b,1,3/26/2018,0,,0,,,
6422971d-56a0-462a-b027-128c74c7c145,1,2/19/2018,0,,0,,,
d7a4a10e-cd3a-4eba-aac8-749dfc038edb,1,4/8/2018,0,,0,,,
4d9080e0-17e1-49d7-adb5-afd0094573b9,1,3/24/2018,1,4/6/2018,0,,25,25
51f429cf-7f98-42f2-a834-33a26ff744a7,1,2/11/2018,0,,0,,,
c428f851-b308-4ce9-8f40-397bf59613c7,1,3/19/2018,1,4/5/2018,1,4/11/2018,25,25
ead998ac-950e-4d28-9655-3d1b6f269eac,1,3/15/2018,0,,0,,,
25e27a9a-80ad-4822-b0ca-ed0cbcfe88c8,1,2/17/2018,1,3/10/2018,1,3/12/2018,50,50
1c5fc082-6a49-4815-bfab-3272057b962b,1,3/3/2018,1,3/24/2018,0,,50,50
6c7a4afd-02b6-475c-84f8-616f64cf5486,1,4/8/2018,0,,0,,,
faec1baa-a9c2-4f13-b18b-4314753bac9a,1,3/12/2018,1,4/11/2018,1,4/11/2018,,50
fdb15278-9c9e-48aa-a52f-aed32a410745,1,5/2/2018,0,,0,,,
f8b4be3e-c0a2-471f-a005-3c4b0f4b6437,1,2/13/2018,1,3/12/2018,0,,25,25
8515394f-d6cd-4f0f-8cb4-de6057b11b67,1,3/5/2018,0,,0,,,
bfd82ec4-73ec-494e-8c44-c8f2b3cc92e3,1,3/6/2018,1,5/8/2018,0,,25,25
e19587e5-49f6-4bae-b5b1-7a2a4676e96b,1,3/10/2018,1,4/1/2018,0,,25,25
87c1e299-b243-4ed6-8663-0f24c60e9edb,1,4/19/2018,0,,0,,,
db25d426-567f-481e-afd8-0c90df388bf0,1,3/15/2018,1,4/16/2018,0,,25,25
22172c9a-d209-4e1d-ab45-fa05fc243a69,1,3/29/2018,1,4/25/2018,0,,50,50
8b521ba6-7312-48a5-add4-f982ff67f6b3,1,2/21/2018,1,3/14/2018,0,,25,25
6c9e7a8f-0c71-47b2-ad9e-986c171963b1,1,2/6/2018,1,3/18/2018,0,,25,25
493cf472-7afc-4f7b-9bdc-0c81a05eb404,1,3/27/2018,0,,0,,,
85eaffd9-dd20-4c0c-a99b-33926276da10,1,3/25/2018,0,,0,,,
b357a097-f3c6-4a0e-bd75-6fa93051a841,1,4/6/2018,0,,0,,,
4e3691a9-2a10-4a4e-af37-e1088fb8591e,1,1/26/2018,0,,0,,,
110704f2-5bf0-4fc6-91f3-cad3c1fa50e2,1,4/3/2018,1,4/20/2018,0,,50,50
fbf43d39-cada-4621-94a9-21ff7f31db71,1,4/16/2018,0,,0,,,
67258ca9-3a51-43f6-b168-0f71b2f3b53d,1,4/8/2018,1,5/2/2018,0,,25,25
6408ee89-58f2-4cce-9205-8e6c0ad156d2,1,4/8/2018,0,,0,,,
f661e8c4-8237-446b-b075-9f2d0a44c741,1,3/23/2018,1,4/5/2018,0,,50,50
c13b3d7e-3b43-40ce-8b34-93dc50ca5b3d,1,3/26/2018,0,,0,,,
5554301d-9714-4781-998d-40a6c548d47e,1,4/2/2018,1,4/19/2018,0,,50,50
591c7d6e-de88-4da1-9c1c-8323dde989a5,1,4/23/2018,0,,0,,,
f661e8c4-8237-446b-b075-9f2d0a44c741,1,4/6/2018,0,,0,,,
d88c9d5f-ee03-4bf7-9586-7cbf76285643,1,4/29/2018,0,,0,,,
d593fe00-5405-402e-b496-64ed9b0a2439,1,4/8/2018,1,4/26/2018,0,,25,25
cd9205b8-5a4f-43ac-968b-081bd19a154d,1,4/8/2018,1,4/30/2018,1,4/30/2018,50,50
feb77ab6-850b-4921-9ca8-92838526fc37,1,3/29/2018,0,,0,,,
2a8cafbc-c68b-40f2-aca3-c21049fac4df,1,4/30/2018,0,,0,,,
c1a61825-b9ed-4b44-a177-1e10d6e09a56,1,4/13/2018,0,,0,,,
86badd4c-db14-40c1-a5fa-3b1030940d66,1,3/21/2018,0,,0,,,
64fe1cf6-cb7f-4984-ac0f-6645cee4a547,1,2/22/2018,0,,0,,,
8e0a4009-e02b-4982-9a5d-27a7444a39f5,1,4/13/2018,0,,0,,,
114aa64b-1a25-4446-b5bd-a6eae7029ceb,1,3/14/2018,0,,0,,,
6a50a128-4bea-4472-b6e3-f249670edf3e,1,4/22/2018,0,,0,,,
21dafc87-83f5-4cb0-96d6-129a68a7bb20,1,4/28/2018,0,,0,,,
91910a58-4cd2-4325-aa2c-58829cd863fa,1,5/1/2018,0,,0,,,
c1a61825-b9ed-4b44-a177-1e10d6e09a56,1,4/14/2018,0,,0,,,
42847651-c22c-4b90-8f3b-676305c38991,1,4/30/2018,0,,0,,,
918edfc0-d4cd-4580-94f1-578efbed582d,1,4/14/2018,0,,0,,,
c88bb6cf-5591-4ff4-bd97-145a682db6ca,1,4/5/2018,0,,0,,,
90b58192-eaa7-4db0-9eb5-d0d7b6a8274f,1,4/15/2018,0,,0,,,
c641ff54-1dbe-41d7-b87a-38d143b67e34,1,4/11/2018,1,5/1/2018,0,,50,50
1946efd1-3315-4b3e-a818-c6b36854af5a,1,2/23/2018,1,4/22/2018,1,4/22/2018,50,50
19701466-989c-46ad-a2b5-8c8a35bdd268,1,2/22/2018,1,3/16/2018,1,3/21/2018,25,25
78ed49e8-f47d-4fd3-9b9d-5f9c2081274d,1,4/13/2018,0,,0,,,
5737b5de-2497-4390-84da-ced68445ae46,1,4/26/2018,0,,0,,,
bc931341-b494-433e-865b-e6ff21012172,1,4/19/2018,1,5/3/2018,0,,25,25
66aab6a3-9300-489f-a3b2-9948e24472ed,1,3/14/2018,0,,0,,,
9a34cd02-f382-40e2-8776-d7521055c7fa,1,4/13/2018,1,4/28/2018,1,5/1/2018,50,50
82914a1f-2261-49d0-aa98-af8bf8f6f4ca,1,3/11/2018,0,,0,,,
44ce5206-2f20-4a75-9b41-efe86a48f1ae,1,4/1/2018,0,,0,,,
66df52c5-3f01-4a73-a063-f64e0c9e3a3e,1,3/6/2018,0,,0,,,
ae81c3f0-69be-41cf-885b-2de102f21123,1,2/5/2018,0,,0,,,
ece84873-2c8c-4666-b49b-67aca860815a,1,2/20/2018,1,3/12/2018,0,,50,50
7bbf91e4-df97-4680-bd59-3b5f9bd43f7c,1,4/12/2018,0,,0,,,
cb5b6586-c0e8-47c9-bae3-88c8a7556f07,1,3/6/2018,0,,0,,,
5abab6aa-49b2-4dd6-a3ee-872ac70d8936,1,2/4/2018,1,2/24/2018,1,2/25/2018,25,25
87c1e299-b243-4ed6-8663-0f24c60e9edb,1,2/8/2018,1,4/26/2018,0,,25,
59c56af0-84a4-4093-ae31-45360e55b894,1,4/9/2018,0,,0,,,
f5785a4f-5bea-4b83-8df7-b3f9550e0efc,1,4/18/2018,0,,0,,,
7ea59c3e-db8a-4aed-ab64-da984b1966e1,1,3/19/2018,1,4/2/2018,0,,25,25
9229812e-f6ca-492a-94ce-3e33c049ec5e,1,4/10/2018,1,4/24/2018,0,,25,25
4b1768dc-8ee5-4259-843d-5692c5e91a57,1,4/21/2018,0,,0,,,
ee58ca49-4e59-41be-8174-6473077ed1ca,1,3/29/2018,0,,0,,,
5f24b02e-57c8-4f48-8de9-25adc2537d42,1,3/21/2018,1,4/4/2018,1,4/30/2018,50,50
35522885-ab44-491f-8b0c-de7b34e48f90,1,4/15/2018,0,,0,,,
9d551824-db70-4799-87bf-73fe8f5c435f,1,4/15/2018,0,,0,,,
4b1768dc-8ee5-4259-843d-5692c5e91a57,1,4/21/2018,0,,0,,,
56e22370-4f14-40e3-b7e1-29a775573f4f,1,4/15/2018,1,4/30/2018,0,,25,25
bca1f721-514f-49da-a462-25f1e2e191d8,1,4/10/2018,1,5/7/2018,0,,50,50
c84698af-e450-423b-a52b-80d43f0ce0aa,1,4/24/2018,0,,0,,,
6095fba7-bbe9-4a46-8a1a-d73d80496872,1,2/13/2018,1,5/5/2018,0,,25,25
e0c79a65-e71b-4598-a105-717706972c42,1,4/8/2018,1,5/5/2018,0,,50,50
83eaf3f7-99c3-452a-85cd-6f851b17782f,1,3/5/2018,0,,0,,,
313d7466-71d7-41cd-93f1-70a6ff5fb5bb,1,4/28/2018,0,,0,,,
55b2fe77-5478-48e7-9388-1856b60b4159,1,5/1/2018,0,,0,,,
1e9116a3-1e89-4fea-9b05-501b37ffb5bc,1,4/9/2018,1,4/30/2018,1,4/30/2018,50,50
a43dbe4d-1576-4f97-9c24-64721cddf891,1,3/28/2018,1,4/14/2018,1,5/8/2018,50,50
a43f9583-65fe-4399-917d-9a2c433324ea,1,5/2/2018,0,,0,,,
45e8bfb6-62d8-48f6-bfa1-4919b4b1947c,1,4/26/2018,0,,0,,,
aaebf9ed-4c25-4f75-a8c5-021fd4168ec8,1,1/24/2018,0,,0,,,
19f0c9e7-b7ff-44d8-8fe5-ba94c99c3d40,1,4/5/2018,0,,0,,,
c641ff54-1dbe-41d7-b87a-38d143b67e34,1,3/19/2018,0,,0,,,
fa6372b8-9f39-4009-bd30-f886039a1fce,1,4/27/2018,0,,0,,,
1c5fc082-6a49-4815-bfab-3272057b962b,1,3/29/2018,1,4/20/2018,1,4/20/2018,50,50
fd2343b8-2a3f-489c-9c05-10e0d67c97b5,1,4/30/2018,0,,0,,,
febaff07-2a7d-4123-a892-9e386a92778c,1,4/23/2018,0,,0,,,
f93a2e90-78db-43b6-9951-1462ab03e978,1,2/28/2018,1,3/22/2018,0,,50,50
ee58ca49-4e59-41be-8174-6473077ed1ca,1,3/25/2018,1,4/9/2018,1,4/21/2018,25,25
11cb10e7-204a-4346-9a58-05afa95db68e,1,5/2/2018,0,,0,,,
7ea608e9-fdf5-47a7-9c28-15eec36e32d5,1,4/16/2018,1,5/6/2018,0,,25,25
50f8253b-861c-4314-8e48-b6f64d1ee0d9,1,2/13/2018,1,3/19/2018,1,3/31/2018,25,25
3eecd352-268d-44bc-989a-64dc1a7a5056,1,3/21/2018,1,4/19/2018,1,4/21/2018,25,25
bd67eaae-301f-40fe-9e81-f73a2678270a,1,4/15/2018,1,5/4/2018,0,,50,50
a4dfd4de-e1a8-4ca1-8080-1d37f358f578,1,3/23/2018,1,4/12/2018,0,,50,50
b9d51c0a-3d07-4ce7-a825-d19b761d9642,1,4/16/2018,0,,0,,,
31e0f88f-768a-4b2a-830c-fc875b501a9a,1,4/16/2018,0,,0,,,
8418b27e-6d9b-4a31-9379-0ac9842260b9,1,4/22/2018,0,,0,,,
35b6107b-8502-48a5-9b16-610e7cf3445b,1,4/16/2018,1,4/30/2018,0,,25,25
462f4852-57ae-4039-b2a2-e99344b3a9ba,1,4/14/2018,0,,0,,,
ee1a61df-3618-494e-ace4-e0dae2151be0,1,2/14/2018,1,3/3/2018,0,,25,25
1e83e23e-9e48-4c50-a186-5acab578ed58,1,4/12/2018,1,5/3/2018,1,5/3/2018,50,25
b4763382-e24e-42f8-81b9-239fbb749152,1,3/17/2018,0,,0,,,
552a5d75-b3c0-4800-8208-706c53f0b476,1,3/20/2018,0,,0,,,
50f8253b-861c-4314-8e48-b6f64d1ee0d9,1,5/1/2018,0,,0,,,
bfd82ec4-73ec-494e-8c44-c8f2b3cc92e3,1,3/24/2018,0,,0,,,
c2373150-6659-4584-a1c5-d59766cefc49,1,2/14/2018,1,4/4/2018,0,,50,50
39a38b2e-19b5-49f8-891b-d2ee1bb1b741,1,4/1/2018,0,,0,,,
48167b19-1598-4a8c-bd6a-06c12af19612,1,4/30/2018,0,,0,,,
9d8d0e4c-45fb-48fb-bf66-38acfdafeae1,1,4/5/2018,1,4/26/2018,0,,25,25
66ceb9f7-6ebc-476a-9837-3e3255a36566,1,4/15/2018,1,5/2/2018,0,,50,50
debca169-bd65-4382-956c-c558d9039e88,1,2/16/2018,1,3/19/2018,0,,50,50
4d3cf898-9ccf-47cc-bb13-b561c06bdf1a,1,3/24/2018,1,4/15/2018,0,,50,50
50f8253b-861c-4314-8e48-b6f64d1ee0d9,1,4/18/2018,0,,0,,,
886135e7-c1a9-4df5-9a17-339c0f214a2b,1,3/29/2018,0,,0,,,
8e0a4009-e02b-4982-9a5d-27a7444a39f5,1,4/27/2018,0,,0,,,
6ea9fb93-685e-4e59-bb87-85f57eb3dc92,1,3/25/2018,0,,0,,,
62a54cc5-9584-4b31-be53-dabeb15778df,1,4/15/2018,1,5/7/2018,0,,25,25
9e7076f2-312f-4bf0-aaf8-aad0e957caf8,1,4/9/2018,0,,0,,,
38cdfd2d-2b0e-4ecc-a16d-5fef0b2e2b48,1,3/26/2018,1,4/22/2018,0,,25,25
b9bfa6a5-77b2-4abd-a89c-c250bac8c39d,1,5/7/2018,0,,0,,,
bb949268-d099-4543-b650-ef47f53fa33a,1,5/2/2018,0,,0,,,
d3947a5a-e568-473e-8c15-0a35bda03116,1,4/4/2018,0,,0,,,
6a50a128-4bea-4472-b6e3-f249670edf3e,1,5/3/2018,0,,0,,,
686e0a3b-3897-44f1-afa2-b9b332c169ea,1,4/11/2018,1,5/2/2018,0,,25,25
3de76c3d-453d-4cf0-ad43-a59e6804299e,1,2/21/2018,0,,0,,,
22172c9a-d209-4e1d-ab45-fa05fc243a69,1,4/27/2018,0,,0,,,
78290312-11b2-4eea-b345-7088eb0f777d,1,2/19/2018,1,5/3/2018,0,,25,25
4d3cf898-9ccf-47cc-bb13-b561c06bdf1a,1,2/9/2018,0,,0,,,
6095fba7-bbe9-4a46-8a1a-d73d80496872,1,5/3/2018,0,,0,,,
38f2ca66-3612-46c5-a1c3-29f53244627b,1,5/3/2018,0,,0,,,
9825baec-49d3-4026-80f2-0b57686c1387,1,3/24/2018,0,,0,,,
781b41d7-c066-41c2-a0d0-9d178c2c0b5f,1,3/9/2018,1,3/29/2018,0,,25,25
c6e68147-c783-4244-9b18-736f21a88a17,1,3/10/2018,0,,0,,,
31d91d60-f6f1-44e7-88b6-20cb3c6f5ae7,1,4/28/2018,0,,0,,,
ff596164-5afc-4155-aa46-4027bceae676,1,4/18/2018,0,,0,,,
7d38ef00-298d-4bb6-89a9-2df021d169aa,1,3/30/2018,1,4/21/2018,1,4/23/2018,25,25
c7a56a81-5fed-4f40-8fe0-31e3f2d52fc5,1,3/16/2018,0,,0,,,
70345dc8-d398-4294-a113-f59cb16051ba,1,3/13/2018,0,,0,,,
21dafc87-83f5-4cb0-96d6-129a68a7bb20,1,4/2/2018,1,4/23/2018,0,,50,50
95f1d69c-c4e9-4bf9-90c3-ac9d3eb4cdb2,1,4/29/2018,0,,0,,,
5c3a3470-53ea-4ff4-b166-b80816130bff,1,4/24/2018,0,,0,,,
f5c0a115-e7b7-4489-9f06-cd4077590e67,1,3/22/2018,1,4/11/2018,0,,50,50
bdbf884d-e03a-488a-aba3-68fae68fd428,1,4/9/2018,0,,0,,,
53474789-6d41-4ec9-a9bb-1a0384f71fb3,1,4/9/2018,0,,0,,,
3b4e2efb-dca6-4a81-bda3-1e0f79357062,1,4/26/2018,0,,0,,,
2a93e3f9-be31-4469-bdae-e1c9ac08057f,1,4/17/2018,0,,0,,,
87c1e299-b243-4ed6-8663-0f24c60e9edb,1,4/18/2018,0,,0,,,
a63e6b14-fd45-42ef-b18f-25f826c1a330,1,2/21/2018,1,3/15/2018,0,,50,50
df8c8e37-d55b-492a-80ca-35c0c707cfdc,1,3/30/2018,0,,0,,,
3b5469cb-81cb-4409-9bb7-c721d0877626,1,4/16/2018,0,,0,,,
910c2b34-c976-444b-abfe-6e7b403ca1a1,1,4/13/2018,0,,0,,,
374fea5e-a4f0-41ee-a70a-393567afa04c,1,2/1/2018,0,,0,,,
711a035e-23e7-496d-91e2-7b05355514fd,1,4/19/2018,0,,0,,,
1946efd1-3315-4b3e-a818-c6b36854af5a,1,2/24/2018,0,,0,,,
64fe1cf6-cb7f-4984-ac0f-6645cee4a547,1,1/20/2018,0,,0,,,
46a78533-b9d9-4038-8b8e-fb2f14c1a211,1,4/26/2018,0,,0,,,
a68f6433-875d-4d0b-ac81-e82061098e97,1,4/8/2018,0,,0,,,
b20980e6-86ca-4460-ab0f-9fbb648ee652,1,5/2/2018,0,,0,,,
ebce39d5-dcd7-4106-a2a6-f281b6552945,1,3/3/2018,0,,0,,,
c3ef1607-9616-4466-b2ec-108db1bfc330,1,4/2/2018,0,,0,,,
a2c70b9b-2370-4d21-b97e-e380bf344f2a,1,4/4/2018,1,4/24/2018,0,,25,25
4d3cf898-9ccf-47cc-bb13-b561c06bdf1a,1,2/13/2018,1,3/5/2018,1,4/1/2018,25,25
cc5bc983-848e-496c-8204-4ef04431875a,1,4/6/2018,0,,0,,,
db7d132f-08dc-4059-9b34-4496e9159854,1,4/21/2018,0,,0,,,
83eaf3f7-99c3-452a-85cd-6f851b17782f,1,4/18/2018,1,5/2/2018,0,,25,25
87c486ca-d2c6-4b73-bc5a-81e2c7c4e198,1,3/20/2018,1,4/9/2018,0,,50,50
fe71ae1d-bf20-47f0-9fe5-6d42e36ceaaf,1,2/15/2018,0,,0,,,
4d3cf898-9ccf-47cc-bb13-b561c06bdf1a,1,2/16/2018,0,,0,,,
59c56af0-84a4-4093-ae31-45360e55b894,1,4/14/2018,0,,0,,,
6422971d-56a0-462a-b027-128c74c7c145,1,3/10/2018,0,,0,,,
dc8f2702-8d86-41e8-986d-f067b25ed0ad,1,1/21/2018,1,3/13/2018,1,3/29/2018,25,25
4080cd33-b180-4319-ab1b-5fe66c13f1ae,1,2/10/2018,0,,0,,,
2d9a9bf8-ddde-47a4-9edb-f8254ce4a607,1,2/28/2018,0,,0,,,
b9a31489-e15c-4d26-850e-781185894e72,1,5/1/2018,0,,0,,,
c1a61825-b9ed-4b44-a177-1e10d6e09a56,1,4/12/2018,1,5/6/2018,0,,25,25
fb6f34f9-e468-4895-b883-545327dab20b,1,3/12/2018,1,4/5/2018,0,,50,50
a4d059cf-53cd-47b8-b2b3-d8623b6fac92,1,3/29/2018,1,4/18/2018,0,,25,25
f525f769-f5ad-45c9-921d-21200fa3c0e5,1,4/18/2018,0,,0,,,
ead998ac-950e-4d28-9655-3d1b6f269eac,1,4/8/2018,0,,0,,,
b675becc-a1a6-4f40-8b11-12e5dc385c4d,1,3/3/2018,0,,0,,,
7364f712-5ecf-4582-b488-4227f6a6c125,1,3/17/2018,1,4/2/2018,0,,25,25
b953baca-b29a-4293-bb26-8cb5877f6de7,1,4/6/2018,1,4/28/2018,0,,25,25
4e458394-2a51-461f-bfaa-61e944831555,1,5/5/2018,0,,0,,,
1eb10762-6e35-443a-9aaf-5f90d7639701,1,3/17/2018,1,4/9/2018,1,4/12/2018,50,50
9a34cd02-f382-40e2-8776-d7521055c7fa,1,5/2/2018,0,,0,,,
1e9116a3-1e89-4fea-9b05-501b37ffb5bc,1,3/21/2018,1,4/5/2018,0,,25,25
34e70dbb-2fb7-4617-9de4-7f7699e046ec,1,3/23/2018,1,5/1/2018,1,5/1/2018,25,25
f5785a4f-5bea-4b83-8df7-b3f9550e0efc,1,3/27/2018,1,4/17/2018,0,,50,50
87c1e299-b243-4ed6-8663-0f24c60e9edb,1,3/1/2018,1,3/23/2018,0,,50,50
64f4a884-0081-4ad8-bf1a-951a1d18bcef,1,3/14/2018,0,,0,,,
0a6548f9-bf33-4eaf-9cc2-1e7264f9a290,1,1/16/2018,1,3/30/2018,0,,25,25
a4da12ac-3778-42bf-85a9-3c4f28921230,1,3/19/2018,0,,0,,,
e9c102f7-04dc-4948-a748-07fbe1a9d8ad,1,3/2/2018,0,,0,,,
ce816218-e384-46cb-9e43-57682b0312df,1,3/27/2018,0,,0,,,
8f28ed3f-c274-4528-8bed-8625a051a71d,1,3/5/2018,0,,0,,,
a2c70b9b-2370-4d21-b97e-e380bf344f2a,1,4/3/2018,0,,0,,,
d2b1fc47-6bda-43d6-8283-ddaa2a0ad9ee,1,4/5/2018,0,,0,,,
1c5fc082-6a49-4815-bfab-3272057b962b,1,3/3/2018,1,3/24/2018,1,4/21/2018,50,50
cd9205b8-5a4f-43ac-968b-081bd19a154d,1,3/11/2018,1,3/31/2018,0,,50,50
c428f851-b308-4ce9-8f40-397bf59613c7,1,3/18/2018,0,,0,,,
f5c0a115-e7b7-4489-9f06-cd4077590e67,1,4/11/2018,0,,0,,,
7417d60c-1369-4aca-85b2-21ca822d08e0,1,4/5/2018,1,4/26/2018,1,4/26/2018,25,25
620f9d68-ebf2-4a10-b703-c143c821c39a,1,4/25/2018,0,,0,,,
41ed6cd5-5a2a-4fec-b2ba-1f0920d19126,1,5/6/2018,0,,0,,,
1e9116a3-1e89-4fea-9b05-501b37ffb5bc,1,4/6/2018,0,,0,,,
109b1c84-2554-48c2-a3e3-98cf337761ec,1,3/20/2018,1,4/12/2018,0,,50,50
5abab6aa-49b2-4dd6-a3ee-872ac70d8936,1,3/6/2018,0,,0,,,
7a43d221-47a2-4827-8aeb-2bb2c99e12ca,1,3/9/2018,1,3/25/2018,0,,25,25
e353cf60-e737-4f3c-b09c-3c89926448a2,1,3/7/2018,0,,0,,,
781005ca-319b-41aa-9bd4-660039207580,1,2/26/2018,1,3/22/2018,1,4/6/2018,25,25
89532f35-c603-4e96-b3c6-f9c739d9ef4c,1,2/11/2018,0,,0,,,
0d25af5b-4868-40c0-9f24-65d9e30cd48d,1,3/21/2018,1,4/11/2018,0,,50,50
90436e2a-031a-4722-8d18-a490695e60bc,1,5/4/2018,0,,0,,,
6f935b7d-58ef-4038-b748-6aef446cebb3,1,2/23/2018,0,,0,,,
f15cc312-d626-4a26-b583-40b3c8513751,1,3/19/2018,1,4/9/2018,1,4/17/2018,,
2a404b71-16ab-434c-a75a-f3452a0c93e9,1,2/2/2018,1,2/28/2018,1,3/4/2018,25,25
596d7c1c-496c-44e5-bd6b-6b36cd9162d5,1,3/31/2018,1,4/30/2018,1,5/2/2018,25,25
a814c588-493f-4be1-9d89-1fb4de512b15,1,4/11/2018,0,,0,,,
3b59d5fb-a1b2-4b8b-a9af-beb05df5958a,1,4/24/2018,0,,0,,,
ad2989a0-dda7-425c-b722-3082569e2844,1,3/16/2018,1,4/6/2018,1,5/3/2018,25,25
7d38ef00-298d-4bb6-89a9-2df021d169aa,1,4/22/2018,0,,0,,,
bfd82ec4-73ec-494e-8c44-c8f2b3cc92e3,1,3/6/2018,0,,0,,,
ad2989a0-dda7-425c-b722-3082569e2844,1,2/23/2018,1,3/17/2018,1,3/20/2018,25,25
818b7b8a-29fd-4396-b7ce-7519bf3aa09e,1,4/19/2018,0,,0,,,
5c3a3470-53ea-4ff4-b166-b80816130bff,1,3/13/2018,0,,0,,,
0fbc4e24-1baa-477c-99af-daa3a1bfc49f,1,3/24/2018,1,4/14/2018,0,,25,25
12c7d484-8443-4c85-8f6a-920795df60f0,1,5/1/2018,0,,0,,,
d0c0d714-e89c-4648-b3df-0c1c8a8d176e,1,3/7/2018,1,5/2/2018,1,5/2/2018,25,25
7bbf91e4-df97-4680-bd59-3b5f9bd43f7c,1,4/12/2018,0,,0,,,
6112c373-57cf-4790-86b7-d391b55b82ed,1,3/31/2018,0,,0,,,
b4838813-3710-4033-9fe3-933e85f6b169,1,3/28/2018,0,,0,,,
82f9e5f2-6809-4f47-b8a3-a90c678cd4fc,1,3/12/2018,0,,0,,,
e741a6af-0443-4df6-a535-a9b9ba152d6c,1,4/27/2018,0,,0,,,
8246b80c-292b-4bf5-aeed-118d73c4cb0b,1,3/16/2018,0,,0,,,
d78b5a47-74e3-4db9-adbe-060cf447e98a,1,2/22/2018,1,3/8/2018,1,5/1/2018,25,25
4dd3abb5-051e-43ce-84fb-8b5d4645f22b,1,1/8/2018,0,,0,,,
6ea9fb93-685e-4e59-bb87-85f57eb3dc92,1,3/20/2018,1,4/12/2018,0,,50,50
56e22370-4f14-40e3-b7e1-29a775573f4f,1,3/15/2018,1,3/29/2018,1,3/29/2018,50,50
6095fba7-bbe9-4a46-8a1a-d73d80496872,1,1/18/2018,1,2/8/2018,0,,25,25
ea582961-8e8b-4e4b-a725-b7f29becd4bd,1,2/22/2018,0,,0,,,
78e8dd18-7d65-4d35-9adc-ff8461fb5ae4,1,4/24/2018,0,,0,,,
7fecee03-621c-40a9-9cad-e11aa3d8d770,1,3/22/2018,1,4/6/2018,0,,25,25
9d8d0e4c-45fb-48fb-bf66-38acfdafeae1,1,4/26/2018,0,,0,,,
ce816218-e384-46cb-9e43-57682b0312df,1,5/3/2018,0,,0,,,
730ab00e-1c08-491d-b988-3ca70021f99f,1,3/24/2018,0,,0,,,
bd6f2859-ec3d-48ff-8359-3763818bdbc7,1,3/29/2018,1,4/24/2018,0,,,25
cf590f74-1817-40f2-89a8-29cac15d9dac,1,2/11/2018,0,,0,,,
df8c8e37-d55b-492a-80ca-35c0c707cfdc,1,4/4/2018,1,5/6/2018,0,,50,50
2772da18-4d2c-447e-8b2b-6a80dfc77325,1,4/12/2018,0,,0,,,
c94c5665-7074-454d-81e2-abc945c947b6,1,5/1/2018,0,,0,,,
6c7a4afd-02b6-475c-84f8-616f64cf5486,1,3/21/2018,0,,0,,,
fb0f3b6a-c6c1-42f6-b78d-7ff379fe6952,1,3/24/2018,1,4/15/2018,1,4/15/2018,50,50
89532f35-c603-4e96-b3c6-f9c739d9ef4c,1,2/19/2018,1,3/19/2018,1,3/19/2018,50,50
9fc9d715-e483-46f1-a0cc-cdb83fee53b6,1,4/27/2018,0,,0,,,
37a481cd-200d-4933-b00b-48b879f42385,1,2/26/2018,0,,0,,,
b953baca-b29a-4293-bb26-8cb5877f6de7,1,4/9/2018,1,5/1/2018,0,,25,25
d0c0d714-e89c-4648-b3df-0c1c8a8d176e,1,4/8/2018,1,5/1/2018,1,5/3/2018,25,25
e65e9d02-1854-4947-9f7a-ef3b0f4aa108,1,3/5/2018,0,,0,,,
d9b0c3a5-facb-4697-9ba7-e124e4956213,1,3/24/2018,1,4/11/2018,0,,25,25
87c1e299-b243-4ed6-8663-0f24c60e9edb,1,2/27/2018,1,3/14/2018,1,3/20/2018,50,50
5c3a3470-53ea-4ff4-b166-b80816130bff,1,4/28/2018,0,,0,,,
e8d3b99c-9805-437b-9ec0-6e46554b8f2d,1,3/24/2018,1,4/7/2018,0,,,
1c2c8cc5-4cd8-463b-92e6-7461e8c6b27b,1,5/4/2018,0,,0,,,
6650a4b6-087f-4b7d-9994-f917f49168d6,1,2/21/2018,1,3/6/2018,0,,50,50
40fbe3b9-a6ba-49d4-a129-e6dd485724b2,1,4/4/2018,1,4/28/2018,0,,50,50
8418b27e-6d9b-4a31-9379-0ac9842260b9,1,4/17/2018,0,,0,,,
1ab6483b-106f-49cf-b543-8eec8aaedb01,1,5/7/2018,0,,0,,,
8418b27e-6d9b-4a31-9379-0ac9842260b9,1,4/15/2018,0,,0,,,
b2fef18f-0b20-42a5-a9ad-2632b78709db,1,2/22/2018,1,3/14/2018,0,,25,25
3350a0f6-3209-46a5-860c-e2db38fd3b64,1,4/17/2018,1,5/5/2018,0,,50,50
1e9116a3-1e89-4fea-9b05-501b37ffb5bc,1,2/28/2018,1,3/22/2018,0,,25,25
d2b1fc47-6bda-43d6-8283-ddaa2a0ad9ee,1,4/8/2018,0,,0,,,
5b55b6d7-7e2d-479e-9b4e-1cf379e76c56,1,4/25/2018,0,,0,,,
1946efd1-3315-4b3e-a818-c6b36854af5a,1,3/17/2018,0,,0,,,
1946efd1-3315-4b3e-a818-c6b36854af5a,1,2/24/2018,0,,0,,,
7fa1a98b-672e-47ab-b04e-03cb23478872,1,4/22/2018,0,,0,,,
114aa64b-1a25-4446-b5bd-a6eae7029ceb,1,2/21/2018,1,3/13/2018,0,,50,50
89532f35-c603-4e96-b3c6-f9c739d9ef4c,1,2/22/2018,0,,0,,,
c428f851-b308-4ce9-8f40-397bf59613c7,1,3/31/2018,0,,0,,,
31a94b21-757a-4baf-8825-156f5523f974,1,4/25/2018,0,,0,,,
f749a199-b667-4e45-ae10-adeefd1efc83,1,2/24/2018,0,,0,,,
32d40aa9-598e-4ff0-802d-8dab40340737,1,2/21/2018,0,,0,,,
de288cae-9ba5-4578-bb74-1a061cfed440,1,3/9/2018,1,3/29/2018,0,,25,25
53474789-6d41-4ec9-a9bb-1a0384f71fb3,1,4/16/2018,0,,0,,,
e741a6af-0443-4df6-a535-a9b9ba152d6c,1,4/26/2018,0,,0,,,
5ada7967-74c1-4066-aee9-55bae9fe8b5f,1,4/13/2018,1,5/4/2018,0,,50,50
ad2989a0-dda7-425c-b722-3082569e2844,1,4/2/2018,1,4/29/2018,0,,50,50
b30e604b-4d81-4635-ac78-0234131e6838,1,5/3/2018,0,,0,,,
6c7a4afd-02b6-475c-84f8-616f64cf5486,1,4/9/2018,0,,0,,,
6d013ff1-a2de-4224-a49a-d48a1ffd4a40,1,4/16/2018,0,,0,,,
ad2989a0-dda7-425c-b722-3082569e2844,1,4/13/2018,1,5/4/2018,0,,50,50
b675becc-a1a6-4f40-8b11-12e5dc385c4d,1,3/2/2018,0,,0,,,
114aa64b-1a25-4446-b5bd-a6eae7029ceb,1,2/21/2018,1,3/13/2018,1,3/13/2018,50,50
ee1a61df-3618-494e-ace4-e0dae2151be0,1,2/21/2018,0,,0,,,
e73787b5-83cd-4668-8abd-924abf5a2086,1,3/7/2018,0,,0,,,
d593fe00-5405-402e-b496-64ed9b0a2439,1,2/22/2018,0,,0,,,
6472b43a-e623-4cc5-a565-237f222a41ec,1,2/17/2018,1,3/11/2018,1,3/20/2018,25,25
4d3cf898-9ccf-47cc-bb13-b561c06bdf1a,1,3/26/2018,0,,0,,,
fc01715c-060a-483c-ad74-26ce996bb385,1,3/15/2018,1,3/31/2018,1,4/4/2018,50,50
b3654807-f88a-4402-aa31-e42174745618,1,3/21/2018,1,4/7/2018,1,4/13/2018,50,50
79180c17-ead8-47b5-93e8-4be9f811a664,1,4/19/2018,0,,0,,,
32f05560-7c03-44d8-8068-658546d7e0be,1,3/4/2018,1,3/18/2018,1,3/30/2018,50,50
b56c6b9c-538a-4530-9528-228f823b9c2e,1,5/2/2018,0,,0,,,
ebf6ad67-7da4-4fad-89d7-f756dace02e5,1,4/22/2017,1,3/22/2018,0,,25,25
18e0a42d-b2f6-4450-82bd-9b4fd4df1a2c,1,3/16/2018,0,,0,,,
7c11b26c-54d6-4d76-8a79-835f2131a615,1,3/30/2018,0,,0,,,
bb6574a2-ba7c-4bf6-bd93-7513587c7e5b,1,3/20/2018,1,4/10/2018,1,4/10/2018,50,25
b8f788ee-7ac5-4359-a9be-c98419493239,1,4/25/2018,0,,0,,,
32d40aa9-598e-4ff0-802d-8dab40340737,1,2/21/2018,0,,0,,,
199f57c5-d04b-412f-b404-a39cd0c9390d,1,3/30/2018,0,,0,,,
b30e604b-4d81-4635-ac78-0234131e6838,1,5/4/2018,0,,0,,,
db7430e7-f154-4718-b3a5-76af4adadbfd,1,3/21/2018,0,,0,,,
686e0a3b-3897-44f1-afa2-b9b332c169ea,1,4/9/2018,1,4/30/2018,0,,25,25
feb19498-83b1-4240-b603-38d71c67c275,1,4/18/2018,0,,0,,,
644a3ca1-f627-4052-bf48-ee484f82c323,1,2/22/2018,1,3/7/2018,0,,25,25
fd2343b8-2a3f-489c-9c05-10e0d67c97b5,1,2/15/2018,1,3/13/2018,1,4/26/2018,25,25
620f9d68-ebf2-4a10-b703-c143c821c39a,1,4/19/2018,0,,0,,,
983af218-52a4-42a0-8283-a6125619f0ed,1,2/7/2018,1,2/27/2018,1,2/27/2018,25,25
ab02e79b-955c-44e4-948c-596e69183168,1,4/7/2018,1,4/27/2018,0,,25,25
1839647a-0b47-4464-a778-0929d1576c02,1,4/20/2018,0,,0,,,
886135e7-c1a9-4df5-9a17-339c0f214a2b,1,3/14/2018,0,,0,,,
1def8483-53f0-439d-b071-c0ddaf9a403d,1,3/25/2018,0,,0,,,
668cd93f-d48d-4cc5-b597-7682a064c3b2,1,4/19/2018,0,,0,,,
c5f87206-5a8a-4919-a40c-3bce32629230,1,5/2/2018,0,,0,,,
1e9116a3-1e89-4fea-9b05-501b37ffb5bc,1,3/22/2018,1,4/8/2018,0,,50,50
91969bd9-f88f-41d9-a578-e0f73c2c5305,1,4/12/2018,0,,0,,,
40fbe3b9-a6ba-49d4-a129-e6dd485724b2,1,3/10/2018,1,4/3/2018,0,,50,25
bf1c3825-a723-489a-a6c9-4980ad1aab21,1,3/15/2018,0,,0,,,
56e22370-4f14-40e3-b7e1-29a775573f4f,1,4/4/2018,0,,0,,,
2463b3b7-a646-4cf5-8bab-9b1a303c1948,1,4/26/2018,0,,0,,,
90485039-231d-43f4-a434-ad8164c0c7cc,1,2/14/2018,0,,0,,,
4d3cf898-9ccf-47cc-bb13-b561c06bdf1a,1,3/29/2018,1,4/15/2018,0,,50,50
6095fba7-bbe9-4a46-8a1a-d73d80496872,1,2/3/2018,1,3/4/2018,0,,25,25
c94a3cbf-9570-480c-9a66-aab8fb81ddf5,1,4/15/2018,0,,0,,,
47b8b0c2-9dc2-4bd9-95b4-4cc52946a0ba,1,5/6/2018,0,,0,,,
077ac3c8-fc84-4230-812f-7090830ead8e,1,3/11/2018,1,4/1/2018,1,4/3/2018,25,25
ad2989a0-dda7-425c-b722-3082569e2844,1,2/22/2018,0,,0,,,
686e0a3b-3897-44f1-afa2-b9b332c169ea,1,5/4/2018,0,,0,,,
b675becc-a1a6-4f40-8b11-12e5dc385c4d,1,2/28/2018,0,,0,,,
3397c0cd-bcf8-4ccd-b895-6d34ae396149,1,5/5/2018,0,,0,,,
a4dfd4de-e1a8-4ca1-8080-1d37f358f578,1,4/27/2018,0,,0,,,
50f8253b-861c-4314-8e48-b6f64d1ee0d9,1,4/7/2018,0,,0,,,
4d3cf898-9ccf-47cc-bb13-b561c06bdf1a,1,3/18/2018,1,4/8/2018,1,4/8/2018,50,50
e73787b5-83cd-4668-8abd-924abf5a2086,1,4/10/2018,0,,0,,,
bf8d6a1e-81d3-4ee0-8e35-777da8468e02,1,3/22/2018,1,4/4/2018,0,,25,25
fb6f34f9-e468-4895-b883-545327dab20b,1,2/20/2018,0,,0,,,
e3714950-b2af-44ab-a6e8-2749d4ebaaf7,1,4/4/2018,1,4/22/2018,0,,,
b115d0af-2e51-423c-82ae-9ccb25a15efa,1,4/10/2018,0,,0,,,
62afa1ec-06b4-45c3-b0a4-b19c414a7ce7,1,3/5/2018,1,3/18/2018,0,,25,25
3efc2463-2520-4129-9ec8-742bda7d0230,1,4/2/2018,0,,0,,,
4ea89718-4274-44aa-8ea5-6ae7ae97abc5,1,4/5/2018,0,,0,,,
5737b5de-2497-4390-84da-ced68445ae46,1,4/27/2018,0,,0,,,
8f28ed3f-c274-4528-8bed-8625a051a71d,1,3/5/2018,0,,0,,,
66aab6a3-9300-489f-a3b2-9948e24472ed,1,3/14/2018,0,,0,,,
df8c8e37-d55b-492a-80ca-35c0c707cfdc,1,3/30/2018,1,4/20/2018,1,4/20/2018,50,50
bf403e03-fe5c-431c-a288-0d866710e60b,1,4/17/2018,0,,0,,,
533aab75-25d8-46d2-a1c6-8beb99763b89,1,3/6/2018,0,,0,,,
3f0f52ec-a5d2-4bf7-a9f9-8d8de6fc6db4,1,3/30/2018,0,,0,,,
22211492-a409-4605-a87c-ca1cccad0fce,1,3/19/2018,0,,0,,,
a48e1304-6ddd-4889-8f19-570e13184422,1,4/6/2018,1,4/19/2018,0,,50,50
e474a77c-7c46-45fa-84c6-335ac359386b,1,4/23/2018,0,,0,,,
f855b204-16f0-4ca2-9bce-2f79c1b4b151,1,5/8/2018,0,,0,,,
4ae03277-ce27-4949-8e26-0cde5505cc90,1,4/30/2018,0,,0,,,
886135e7-c1a9-4df5-9a17-339c0f214a2b,1,3/29/2018,0,,0,,,
2d9a9bf8-ddde-47a4-9edb-f8254ce4a607,1,4/12/2018,0,,0,,,
f9073c49-1dc0-4593-9756-9fc7188abf66,1,3/3/2018,1,3/29/2018,1,3/29/2018,25,25
5ed33075-36ef-4d3a-be96-2ce4209fdca0,1,4/17/2018,0,,0,,,
b381b8a7-2c39-4a2c-bfe4-5ce1e9e4980e,1,2/13/2018,1,3/3/2018,0,,25,25
7c65683b-edb6-41cc-9177-cf0383b53f99,1,2/14/2018,0,,0,,,
a4da12ac-3778-42bf-85a9-3c4f28921230,1,3/19/2018,1,4/10/2018,1,4/16/2018,50,50
0c36566c-e5da-40bc-9a4d-d9f5d8fbbdaa,1,4/12/2018,0,,0,,,
591c7d6e-de88-4da1-9c1c-8323dde989a5,1,4/2/2018,1,4/23/2018,0,,25,25
9adcb509-7eed-4723-998f-de5d49dd6adb,1,4/24/2018,0,,0,,,
077ac3c8-fc84-4230-812f-7090830ead8e,1,3/29/2018,0,,0,,,
d2b1fc47-6bda-43d6-8283-ddaa2a0ad9ee,1,4/8/2018,0,,0,,,
73bcadd4-9cf9-4b1a-a493-f2eeac249d7f,1,4/19/2018,0,,0,,,
5f24b02e-57c8-4f48-8de9-25adc2537d42,1,3/24/2018,1,4/9/2018,0,,50,50
4238890d-5014-4e7b-a63b-917c06f367a4,1,2/17/2018,1,3/12/2018,1,3/24/2018,,
7d38ef00-298d-4bb6-89a9-2df021d169aa,1,4/22/2018,0,,0,,,
09782ec0-2d1b-455a-90f7-11a3c8b37f24,1,2/14/2018,0,,0,,,
3f39d345-fe52-4df5-8e93-997d5d265a8a,1,1/25/2018,0,,0,,,
8ba2edc9-f4cc-4797-96d8-4e3f084e839a,1,4/4/2018,0,,0,,,
922f395c-0a81-47b7-aed1-7503669b6e60,1,5/1/2018,0,,0,,,
82d9f9e8-3446-48a0-a6ae-21e9575fb2e9,1,5/4/2018,0,,0,,,
c7a56a81-5fed-4f40-8fe0-31e3f2d52fc5,1,3/16/2018,0,,0,,,
db25d426-567f-481e-afd8-0c90df388bf0,1,3/20/2018,0,,0,,,
86c2a7b7-7213-4d65-90a0-c8ad43014a8d,1,3/1/2018,1,3/19/2018,1,3/29/2018,25,25
1eb10762-6e35-443a-9aaf-5f90d7639701,1,3/27/2018,1,4/10/2018,0,,50,50
e19587e5-49f6-4bae-b5b1-7a2a4676e96b,1,3/6/2018,0,,0,,,
6b7a66b5-dd92-4837-918f-6fcb82bc47d2,1,4/26/2018,0,,0,,,
f4ec44af-83cb-43c3-aaee-16318bdb9be1,1,5/1/2018,0,,0,,,
5a6e3c3f-aca2-42d8-91f0-cdcf958b7fbd,1,3/22/2018,1,4/12/2018,0,,25,25
5c3a3470-53ea-4ff4-b166-b80816130bff,1,4/24/2018,0,,0,,,
886135e7-c1a9-4df5-9a17-339c0f214a2b,1,3/14/2018,1,3/28/2018,0,,25,25
71fc3b24-9221-42ea-9cd9-676c305cb4dc,1,3/7/2018,0,,0,,,
97a1f101-d48d-4be7-9780-d19d2d7c2cfa,1,2/9/2018,0,,0,,,
fe543b97-eda5-44c4-8e71-f286062aa6ab,1,3/21/2018,1,4/29/2018,0,,25,25
40fbe3b9-a6ba-49d4-a129-e6dd485724b2,1,4/16/2018,1,5/2/2018,0,,25,25
f5785a4f-5bea-4b83-8df7-b3f9550e0efc,1,3/27/2018,0,,0,,,
32f05560-7c03-44d8-8068-658546d7e0be,1,3/1/2018,1,3/22/2018,1,3/22/2018,50,50
ae81c3f0-69be-41cf-885b-2de102f21123,1,3/2/2018,0,,0,,,
2a57484c-39d2-4fc9-8d7b-0ece5c6ba37f,1,5/3/2018,0,,0,,,
89dc03c7-c41f-4470-b83e-b6b198d5e432,1,3/2/2018,1,3/18/2018,0,,25,25
50aa8fda-7c45-4a22-9e30-388f4acfbe44,1,4/13/2018,0,,0,,,
b7ef7185-d08a-4e7c-a349-108ce7ed67c2,1,2/20/2018,1,3/14/2018,1,3/20/2018,25,25
2445b8aa-f753-4308-9856-0a5496dcf1b9,1,5/1/2018,0,,0,,,
2a57484c-39d2-4fc9-8d7b-0ece5c6ba37f,1,5/6/2018,0,,0,,,
5c3a3470-53ea-4ff4-b166-b80816130bff,1,3/7/2018,0,,0,,,
90436e2a-031a-4722-8d18-a490695e60bc,1,5/1/2018,0,,0,,,
21dafc87-83f5-4cb0-96d6-129a68a7bb20,1,4/2/2018,1,4/22/2018,0,,50,50
f855b204-16f0-4ca2-9bce-2f79c1b4b151,1,4/30/2018,0,,0,,,
2f570699-03fa-498b-a9be-f04cc5d9758a,1,5/4/2018,0,,0,,,
8ba2edc9-f4cc-4797-96d8-4e3f084e839a,1,4/4/2018,0,,0,,,
1c5fc082-6a49-4815-bfab-3272057b962b,1,3/28/2018,0,,0,,,
9e8eb30e-a75b-4cf9-a4ed-4b4efe7393f5,1,4/25/2018,0,,0,,,
1946efd1-3315-4b3e-a818-c6b36854af5a,1,2/23/2018,1,5/1/2018,0,,50,50
e2335b40-089d-454e-a0d9-8e83b111ce90,1,3/14/2018,1,4/1/2018,0,,50,50
77922ddc-a3f5-4dbd-9d06-8cb108a1b2f9,1,4/28/2018,0,,0,,,
a53637ff-83e0-4835-9fd6-db911ddb8069,1,3/1/2018,0,,0,,,
11cb10e7-204a-4346-9a58-05afa95db68e,1,4/30/2018,0,,0,,,
bfd82ec4-73ec-494e-8c44-c8f2b3cc92e3,1,3/24/2018,0,,0,,,
966b5391-747b-4204-a0ec-6b655ff43a28,1,4/18/2018,1,5/2/2018,0,,25,25
c1a61825-b9ed-4b44-a177-1e10d6e09a56,1,4/14/2018,0,,0,,,
791106d8-5a3d-4308-95e0-6ce27f17073f,1,3/7/2018,0,,0,,,
83eaf3f7-99c3-452a-85cd-6f851b17782f,1,5/6/2018,0,,0,,,
be345c0e-f82b-447b-986d-8d622699c340,1,5/2/2018,0,,0,,,
66ceb9f7-6ebc-476a-9837-3e3255a36566,1,4/27/2018,0,,0,,,
09782ec0-2d1b-455a-90f7-11a3c8b37f24,1,3/1/2018,1,3/22/2018,0,,50,50
66ceb9f7-6ebc-476a-9837-3e3255a36566,1,4/15/2018,0,,0,,,
39a38b2e-19b5-49f8-891b-d2ee1bb1b741,1,4/1/2018,1,4/25/2018,0,,25,25
046fd389-e5d1-4de3-bfc7-980297eee753,1,4/17/2018,1,5/2/2018,0,,25,25
277b5227-79bd-4f3e-91c3-2f18ff944718,1,5/7/2018,0,,0,,,
114aa64b-1a25-4446-b5bd-a6eae7029ceb,1,3/14/2018,0,,0,,,
b115d0af-2e51-423c-82ae-9ccb25a15efa,1,4/11/2018,0,,0,,,
0739b7d5-10ab-4029-bc01-7c9267a321e2,1,4/17/2018,0,,0,,,
bdba4452-a946-4ee5-921c-7bae4a19abe6,1,4/15/2018,0,,0,,,
2a404b71-16ab-434c-a75a-f3452a0c93e9,1,1/31/2018,1,3/4/2018,1,3/6/2018,25,25
680c7cd3-436a-4b70-ba74-1f4d0291b74e,1,4/29/2018,0,,0,,,
fb6f34f9-e468-4895-b883-545327dab20b,1,4/26/2018,0,,0,,,
38b3c994-43e2-429f-9cb0-ec85d47015a9,1,5/7/2018,0,,0,,,
b357a097-f3c6-4a0e-bd75-6fa93051a841,1,4/21/2018,0,,0,,,
b1bfd0b3-8030-43f8-80d3-2b78f8d7786b,1,4/27/2018,0,,0,,,
e0c79a65-e71b-4598-a105-717706972c42,1,4/5/2018,1,4/26/2018,1,4/28/2018,50,50
d7409686-8f6f-4b3f-b36e-d5f1888814ff,1,4/27/2018,0,,0,,,
786869ec-8dae-4ac9-a5d8-5f47e543357e,1,3/26/2018,0,,0,,,
8f28ed3f-c274-4528-8bed-8625a051a71d,1,2/3/2018,1,3/5/2018,0,,25,25
34e70dbb-2fb7-4617-9de4-7f7699e046ec,1,4/1/2018,1,4/22/2018,0,,25,25
6b5e5edf-fb0a-4654-9940-dc14c4f4806a,1,3/27/2018,1,4/17/2018,0,,50,50
3b5469cb-81cb-4409-9bb7-c721d0877626,1,3/11/2018,0,,0,,,
50dbed03-a44f-45c9-b17c-8e7a58ea0b50,1,4/6/2018,0,,0,,,
e74ee25f-210e-4081-bb2c-f3ba785b31e4,1,2/17/2018,1,3/5/2018,0,,25,25
11fe123c-d3d9-438c-bd73-9b2a5ce5ef39,1,5/1/2018,0,,0,,,
5a6e3c3f-aca2-42d8-91f0-cdcf958b7fbd,1,3/10/2018,0,,0,,,
4424c984-02be-405d-a54e-54ca0434fa6f,1,4/1/2018,1,4/23/2018,0,,50,50
5c28cc4d-677b-4754-8f1a-f0bc8c6087a9,1,3/26/2018,0,,0,,,
61e0aaf0-58e5-41fc-82ba-418b600694b3,1,4/25/2018,0,,0,,,
5c3a3470-53ea-4ff4-b166-b80816130bff,1,3/13/2018,0,,0,,,
8f28ed3f-c274-4528-8bed-8625a051a71d,1,2/4/2018,1,2/19/2018,0,,,
a4dfd4de-e1a8-4ca1-8080-1d37f358f578,1,3/14/2018,0,,0,,,
6b5e5edf-fb0a-4654-9940-dc14c4f4806a,1,3/19/2018,0,,0,,,
8e74749c-13cf-480a-a475-21993816e581,1,4/24/2018,0,,0,,,
66aab6a3-9300-489f-a3b2-9948e24472ed,1,3/25/2018,1,4/7/2018,0,,50,50
6ea9fb93-685e-4e59-bb87-85f57eb3dc92,1,4/2/2018,0,,0,,,
d2b1fc47-6bda-43d6-8283-ddaa2a0ad9ee,1,4/8/2018,0,,0,,,
18fb9833-f8f9-421f-8a67-3bb03deccca8,1,4/3/2018,0,,0,,,
1c5fc082-6a49-4815-bfab-3272057b962b,1,4/4/2018,0,,0,,,
d9c5f2d7-c1b9-419a-8061-2eac8bc4ea95,1,2/14/2018,0,,0,,,
0583ce4e-39fb-4019-b4d2-62b1ae4a4e4f,1,2/25/2018,0,,0,,,
21b69f76-036f-4ddc-affe-8283d49d043f,1,3/6/2018,0,,0,,,
686e0a3b-3897-44f1-afa2-b9b332c169ea,1,4/6/2018,1,5/1/2018,1,5/7/2018,25,25
114aa64b-1a25-4446-b5bd-a6eae7029ceb,1,2/21/2018,0,,0,,,
5b55b6d7-7e2d-479e-9b4e-1cf379e76c56,1,4/18/2018,0,,0,,,
f2468aa7-7846-4131-99b6-d38ccd0139fa,1,4/27/2018,0,,0,,,
4245ca12-112e-47bc-83d2-e8017440b7f0,1,5/4/2018,0,,0,,,
649ef004-f6da-4bba-b403-c414f201a4a9,1,3/18/2018,1,4/29/2018,1,4/29/2018,25,25
3afa72b2-0b77-4cde-8d18-b92e42ff87a8,1,3/30/2018,1,4/30/2018,0,,50,50
5c3a3470-53ea-4ff4-b166-b80816130bff,1,5/2/2018,0,,0,,,
822e3b31-8be8-4c6e-af02-161f7da80594,1,4/4/2018,0,,0,,,
62afa1ec-06b4-45c3-b0a4-b19c414a7ce7,1,3/18/2018,0,,0,,,
0bb10bcc-4c82-4ce5-96d6-c84e4b95aa87,1,3/26/2018,1,4/15/2018,0,,50,50
dbc9562a-bb2a-4f60-b26e-27ad263203ec,1,4/6/2018,0,,0,,,
02297810-1640-4a05-82e9-9feea2f71158,1,4/16/2018,0,,0,,,
668cd93f-d48d-4cc5-b597-7682a064c3b2,1,4/22/2018,1,5/8/2018,0,,25,25
fb6f34f9-e468-4895-b883-545327dab20b,1,2/19/2018,1,3/12/2018,1,3/14/2018,25,25
89532f35-c603-4e96-b3c6-f9c739d9ef4c,1,2/10/2018,0,,0,,,
77873fcc-aa72-4f55-bbc0-42b808275251,1,2/23/2018,0,,0,,,
d593fe00-5405-402e-b496-64ed9b0a2439,1,2/23/2018,0,,0,,,
632ed674-f460-4220-aac7-6b5f605c6a96,1,3/12/2018,1,4/18/2018,0,,25,25
09782ec0-2d1b-455a-90f7-11a3c8b37f24,1,3/2/2018,0,,0,,,
4a84e865-0b7e-4f48-87bc-a6950ecee294,1,4/14/2018,0,,0,,,
